Bruno Gomes,Rua 1,10,SP,Brasil,bruno@teste.com.br,1191234-1234
Bruno Gomes,Rua 2,11,SP,Brasil,bruno@teste.com.br,1191234-1235
Bruno Gomes,Rua 3,12,SP,Brasil,bruno@teste.com.br,1191234-1236
Bruno Gomes,Rua 4,13,SP,Brasil,bruno@teste.com.br,1191234-1237
Bruno Gomes,Rua 5,14,SP,Brasil,bruno@teste.com.br,1191234-1238
Bruno Gomes,Rua 6,15,SP,Brasil,bruno@teste.com.br,1191234-1239
Bruno Gomes,Rua 7,16,SP,Brasil,bruno@teste.com.br,1191234-1240
Bruno Gomes,Rua 8,17,SP,Brasil,bruno@teste.com.br,1191234-1241
Bruno Gomes,Rua 9,18,SP,Brasil,bruno@teste.com.br,1191234-1242
Bruno Gomes,Rua 10,19,SP,Brasil,bruno@teste.com.br,1191234-1243
Bruno Gomes,Rua 11,20,SP,Brasil,bruno@teste.com.br,1191234-1244
Bruno Gomes,Rua 12,21,SP,Brasil,bruno@teste.com.br,1191234-1245
Bruno Gomes,Rua 13,22,SP,Brasil,bruno@teste.com.br,1191234-1246
Bruno Gomes,Rua 14,23,SP,Brasil,bruno@teste.com.br,1191234-1247
Bruno Gomes,Rua 15,24,SP,Brasil,bruno@teste.com.br,1191234-1248
Bruno Gomes,Rua 16,25,SP,Brasil,bruno@teste.com.br,1191234-1249
Bruno Gomes,Rua 17,26,SP,Brasil,bruno@teste.com.br,1191234-1250
Bruno Gomes,Rua 18,27,SP,Brasil,bruno@teste.com.br,1191234-1251
Bruno Gomes,Rua 19,28,SP,Brasil,bruno@teste.com.br,1191234-1252
Bruno Gomes,Rua 20,29,SP,Brasil,bruno@teste.com.br,1191234-1253
Bruno Gomes,Rua 21,30,SP,Brasil,bruno@teste.com.br,1191234-1254
Bruno Gomes,Rua 22,31,SP,Brasil,bruno@teste.com.br,1191234-1255
Bruno Gomes,Rua 23,32,SP,Brasil,bruno@teste.com.br,1191234-1256
Bruno Gomes,Rua 24,33,SP,Brasil,bruno@teste.com.br,1191234-1257
Bruno Gomes,Rua 25,34,SP,Brasil,bruno@teste.com.br,1191234-1258
Bruno Gomes,Rua 26,35,SP,Brasil,bruno@teste.com.br,1191234-1259
Bruno Gomes,Rua 27,36,SP,Brasil,bruno@teste.com.br,1191234-1260
Bruno Gomes,Rua 28,37,SP,Brasil,bruno@teste.com.br,1191234-1261
Bruno Gomes,Rua 29,38,SP,Brasil,bruno@teste.com.br,1191234-1262
Bruno Gomes,Rua 30,39,SP,Brasil,bruno@teste.com.br,1191234-1263
Bruno Gomes,Rua 31,40,SP,Brasil,bruno@teste.com.br,1191234-1264
Bruno Gomes,Rua 32,41,SP,Brasil,bruno@teste.com.br,1191234-1265
Bruno Gomes,Rua 33,42,SP,Brasil,bruno@teste.com.br,1191234-1266
Bruno Gomes,Rua 34,43,SP,Brasil,bruno@teste.com.br,1191234-1267
Bruno Gomes,Rua 35,44,SP,Brasil,bruno@teste.com.br,1191234-1268
Bruno Gomes,Rua 36,45,SP,Brasil,bruno@teste.com.br,1191234-1269
Bruno Gomes,Rua 37,46,SP,Brasil,bruno@teste.com.br,1191234-1270
Bruno Gomes,Rua 38,47,SP,Brasil,bruno@teste.com.br,1191234-1271
Bruno Gomes,Rua 39,48,SP,Brasil,bruno@teste.com.br,1191234-1272
Bruno Gomes,Rua 40,49,SP,Brasil,bruno@teste.com.br,1191234-1273
Bruno Gomes,Rua 41,50,SP,Brasil,bruno@teste.com.br,1191234-1274
Bruno Gomes,Rua 42,51,SP,Brasil,bruno@teste.com.br,1191234-1275
Bruno Gomes,Rua 43,52,SP,Brasil,bruno@teste.com.br,1191234-1276
Bruno Gomes,Rua 44,53,SP,Brasil,bruno@teste.com.br,1191234-1277
Bruno Gomes,Rua 45,54,SP,Brasil,bruno@teste.com.br,1191234-1278
Bruno Gomes,Rua 46,55,SP,Brasil,bruno@teste.com.br,1191234-1279
Bruno Gomes,Rua 47,56,SP,Brasil,bruno@teste.com.br,1191234-1280
Bruno Gomes,Rua 48,57,SP,Brasil,bruno@teste.com.br,1191234-1281
Bruno Gomes,Rua 49,58,SP,Brasil,bruno@teste.com.br,1191234-1282
Bruno Gomes,Rua 50,59,SP,Brasil,bruno@teste.com.br,1191234-1283
Bruno Gomes,Rua 51,60,SP,Brasil,bruno@teste.com.br,1191234-1284
Bruno Gomes,Rua 52,61,SP,Brasil,bruno@teste.com.br,1191234-1285
Bruno Gomes,Rua 53,62,SP,Brasil,bruno@teste.com.br,1191234-1286
Bruno Gomes,Rua 54,63,SP,Brasil,bruno@teste.com.br,1191234-1287
Bruno Gomes,Rua 55,64,SP,Brasil,bruno@teste.com.br,1191234-1288
Bruno Gomes,Rua 56,65,SP,Brasil,bruno@teste.com.br,1191234-1289
Bruno Gomes,Rua 57,66,SP,Brasil,bruno@teste.com.br,1191234-1290
Bruno Gomes,Rua 58,67,SP,Brasil,bruno@teste.com.br,1191234-1291
Bruno Gomes,Rua 59,68,SP,Brasil,bruno@teste.com.br,1191234-1292
Bruno Gomes,Rua 60,69,SP,Brasil,bruno@teste.com.br,1191234-1293
Bruno Gomes,Rua 61,70,SP,Brasil,bruno@teste.com.br,1191234-1294
Bruno Gomes,Rua 62,71,SP,Brasil,bruno@teste.com.br,1191234-1295
Bruno Gomes,Rua 63,72,SP,Brasil,bruno@teste.com.br,1191234-1296
Bruno Gomes,Rua 64,73,SP,Brasil,bruno@teste.com.br,1191234-1297
Bruno Gomes,Rua 65,74,SP,Brasil,bruno@teste.com.br,1191234-1298
Bruno Gomes,Rua 66,75,SP,Brasil,bruno@teste.com.br,1191234-1299
Bruno Gomes,Rua 67,76,SP,Brasil,bruno@teste.com.br,1191234-1300
Bruno Gomes,Rua 68,77,SP,Brasil,bruno@teste.com.br,1191234-1301
Bruno Gomes,Rua 69,78,SP,Brasil,bruno@teste.com.br,1191234-1302
Bruno Gomes,Rua 70,79,SP,Brasil,bruno@teste.com.br,1191234-1303
Bruno Gomes,Rua 71,80,SP,Brasil,bruno@teste.com.br,1191234-1304
Bruno Gomes,Rua 72,81,SP,Brasil,bruno@teste.com.br,1191234-1305
Bruno Gomes,Rua 73,82,SP,Brasil,bruno@teste.com.br,1191234-1306
Bruno Gomes,Rua 74,83,SP,Brasil,bruno@teste.com.br,1191234-1307
Bruno Gomes,Rua 75,84,SP,Brasil,bruno@teste.com.br,1191234-1308
Bruno Gomes,Rua 76,85,SP,Brasil,bruno@teste.com.br,1191234-1309
Bruno Gomes,Rua 77,86,SP,Brasil,bruno@teste.com.br,1191234-1310
Bruno Gomes,Rua 78,87,SP,Brasil,bruno@teste.com.br,1191234-1311
Bruno Gomes,Rua 79,88,SP,Brasil,bruno@teste.com.br,1191234-1312
Bruno Gomes,Rua 80,89,SP,Brasil,bruno@teste.com.br,1191234-1313
Bruno Gomes,Rua 81,90,SP,Brasil,bruno@teste.com.br,1191234-1314
Bruno Gomes,Rua 82,91,SP,Brasil,bruno@teste.com.br,1191234-1315
Bruno Gomes,Rua 83,92,SP,Brasil,bruno@teste.com.br,1191234-1316
Bruno Gomes,Rua 84,93,SP,Brasil,bruno@teste.com.br,1191234-1317
Bruno Gomes,Rua 85,94,SP,Brasil,bruno@teste.com.br,1191234-1318
Bruno Gomes,Rua 86,95,SP,Brasil,bruno@teste.com.br,1191234-1319
Bruno Gomes,Rua 87,96,SP,Brasil,bruno@teste.com.br,1191234-1320
Bruno Gomes,Rua 88,97,SP,Brasil,bruno@teste.com.br,1191234-1321
Bruno Gomes,Rua 89,98,SP,Brasil,bruno@teste.com.br,1191234-1322
Bruno Gomes,Rua 90,99,SP,Brasil,bruno@teste.com.br,1191234-1323
Bruno Gomes,Rua 91,100,SP,Brasil,bruno@teste.com.br,1191234-1324
Bruno Gomes,Rua 92,101,SP,Brasil,bruno@teste.com.br,1191234-1325
Bruno Gomes,Rua 93,102,SP,Brasil,bruno@teste.com.br,1191234-1326
Bruno Gomes,Rua 94,103,SP,Brasil,bruno@teste.com.br,1191234-1327
Bruno Gomes,Rua 95,104,SP,Brasil,bruno@teste.com.br,1191234-1328
Bruno Gomes,Rua 96,105,SP,Brasil,bruno@teste.com.br,1191234-1329
Bruno Gomes,Rua 97,106,SP,Brasil,bruno@teste.com.br,1191234-1330
Bruno Gomes,Rua 98,107,SP,Brasil,bruno@teste.com.br,1191234-1331
Bruno Gomes,Rua 99,108,SP,Brasil,bruno@teste.com.br,1191234-1332
Bruno Gomes,Rua 100,109,SP,Brasil,bruno@teste.com.br,1191234-1333
Bruno Gomes,Rua 101,110,SP,Brasil,bruno@teste.com.br,1191234-1334
Bruno Gomes,Rua 102,111,SP,Brasil,bruno@teste.com.br,1191234-1335
Bruno Gomes,Rua 103,112,SP,Brasil,bruno@teste.com.br,1191234-1336
Bruno Gomes,Rua 104,113,SP,Brasil,bruno@teste.com.br,1191234-1337
Bruno Gomes,Rua 105,114,SP,Brasil,bruno@teste.com.br,1191234-1338
Bruno Gomes,Rua 106,115,SP,Brasil,bruno@teste.com.br,1191234-1339
Bruno Gomes,Rua 107,116,SP,Brasil,bruno@teste.com.br,1191234-1340
Bruno Gomes,Rua 108,117,SP,Brasil,bruno@teste.com.br,1191234-1341
Bruno Gomes,Rua 109,118,SP,Brasil,bruno@teste.com.br,1191234-1342
Bruno Gomes,Rua 110,119,SP,Brasil,bruno@teste.com.br,1191234-1343
Bruno Gomes,Rua 111,120,SP,Brasil,bruno@teste.com.br,1191234-1344
Bruno Gomes,Rua 112,121,SP,Brasil,bruno@teste.com.br,1191234-1345
Bruno Gomes,Rua 113,122,SP,Brasil,bruno@teste.com.br,1191234-1346
Bruno Gomes,Rua 114,123,SP,Brasil,bruno@teste.com.br,1191234-1347
Bruno Gomes,Rua 115,124,SP,Brasil,bruno@teste.com.br,1191234-1348
Bruno Gomes,Rua 116,125,SP,Brasil,bruno@teste.com.br,1191234-1349
Bruno Gomes,Rua 117,126,SP,Brasil,bruno@teste.com.br,1191234-1350
Bruno Gomes,Rua 118,127,SP,Brasil,bruno@teste.com.br,1191234-1351
Bruno Gomes,Rua 119,128,SP,Brasil,bruno@teste.com.br,1191234-1352
Bruno Gomes,Rua 120,129,SP,Brasil,bruno@teste.com.br,1191234-1353
Bruno Gomes,Rua 121,130,SP,Brasil,bruno@teste.com.br,1191234-1354
Bruno Gomes,Rua 122,131,SP,Brasil,bruno@teste.com.br,1191234-1355
Bruno Gomes,Rua 123,132,SP,Brasil,bruno@teste.com.br,1191234-1356
Bruno Gomes,Rua 124,133,SP,Brasil,bruno@teste.com.br,1191234-1357
Bruno Gomes,Rua 125,134,SP,Brasil,bruno@teste.com.br,1191234-1358
Bruno Gomes,Rua 126,135,SP,Brasil,bruno@teste.com.br,1191234-1359
Bruno Gomes,Rua 127,136,SP,Brasil,bruno@teste.com.br,1191234-1360
Bruno Gomes,Rua 128,137,SP,Brasil,bruno@teste.com.br,1191234-1361
Bruno Gomes,Rua 129,138,SP,Brasil,bruno@teste.com.br,1191234-1362
Bruno Gomes,Rua 130,139,SP,Brasil,bruno@teste.com.br,1191234-1363
Bruno Gomes,Rua 131,140,SP,Brasil,bruno@teste.com.br,1191234-1364
Bruno Gomes,Rua 132,141,SP,Brasil,bruno@teste.com.br,1191234-1365
Bruno Gomes,Rua 133,142,SP,Brasil,bruno@teste.com.br,1191234-1366
Bruno Gomes,Rua 134,143,SP,Brasil,bruno@teste.com.br,1191234-1367
Bruno Gomes,Rua 135,144,SP,Brasil,bruno@teste.com.br,1191234-1368
Bruno Gomes,Rua 136,145,SP,Brasil,bruno@teste.com.br,1191234-1369
Bruno Gomes,Rua 137,146,SP,Brasil,bruno@teste.com.br,1191234-1370
Bruno Gomes,Rua 138,147,SP,Brasil,bruno@teste.com.br,1191234-1371
Bruno Gomes,Rua 139,148,SP,Brasil,bruno@teste.com.br,1191234-1372
Bruno Gomes,Rua 140,149,SP,Brasil,bruno@teste.com.br,1191234-1373
Bruno Gomes,Rua 141,150,SP,Brasil,bruno@teste.com.br,1191234-1374
Bruno Gomes,Rua 142,151,SP,Brasil,bruno@teste.com.br,1191234-1375
Bruno Gomes,Rua 143,152,SP,Brasil,bruno@teste.com.br,1191234-1376
Bruno Gomes,Rua 144,153,SP,Brasil,bruno@teste.com.br,1191234-1377
Bruno Gomes,Rua 145,154,SP,Brasil,bruno@teste.com.br,1191234-1378
Bruno Gomes,Rua 146,155,SP,Brasil,bruno@teste.com.br,1191234-1379
Bruno Gomes,Rua 147,156,SP,Brasil,bruno@teste.com.br,1191234-1380
Bruno Gomes,Rua 148,157,SP,Brasil,bruno@teste.com.br,1191234-1381
Bruno Gomes,Rua 149,158,SP,Brasil,bruno@teste.com.br,1191234-1382
Bruno Gomes,Rua 150,159,SP,Brasil,bruno@teste.com.br,1191234-1383
Bruno Gomes,Rua 151,160,SP,Brasil,bruno@teste.com.br,1191234-1384
Bruno Gomes,Rua 152,161,SP,Brasil,bruno@teste.com.br,1191234-1385
Bruno Gomes,Rua 153,162,SP,Brasil,bruno@teste.com.br,1191234-1386
Bruno Gomes,Rua 154,163,SP,Brasil,bruno@teste.com.br,1191234-1387
Bruno Gomes,Rua 155,164,SP,Brasil,bruno@teste.com.br,1191234-1388
Bruno Gomes,Rua 156,165,SP,Brasil,bruno@teste.com.br,1191234-1389
Bruno Gomes,Rua 157,166,SP,Brasil,bruno@teste.com.br,1191234-1390
Bruno Gomes,Rua 158,167,SP,Brasil,bruno@teste.com.br,1191234-1391
Bruno Gomes,Rua 159,168,SP,Brasil,bruno@teste.com.br,1191234-1392
Bruno Gomes,Rua 160,169,SP,Brasil,bruno@teste.com.br,1191234-1393
Bruno Gomes,Rua 161,170,SP,Brasil,bruno@teste.com.br,1191234-1394
Bruno Gomes,Rua 162,171,SP,Brasil,bruno@teste.com.br,1191234-1395
Bruno Gomes,Rua 163,172,SP,Brasil,bruno@teste.com.br,1191234-1396
Bruno Gomes,Rua 164,173,SP,Brasil,bruno@teste.com.br,1191234-1397
Bruno Gomes,Rua 165,174,SP,Brasil,bruno@teste.com.br,1191234-1398
Bruno Gomes,Rua 166,175,SP,Brasil,bruno@teste.com.br,1191234-1399
Bruno Gomes,Rua 167,176,SP,Brasil,bruno@teste.com.br,1191234-1400
Bruno Gomes,Rua 168,177,SP,Brasil,bruno@teste.com.br,1191234-1401
Bruno Gomes,Rua 169,178,SP,Brasil,bruno@teste.com.br,1191234-1402
Bruno Gomes,Rua 170,179,SP,Brasil,bruno@teste.com.br,1191234-1403
Bruno Gomes,Rua 171,180,SP,Brasil,bruno@teste.com.br,1191234-1404
Bruno Gomes,Rua 172,181,SP,Brasil,bruno@teste.com.br,1191234-1405
Bruno Gomes,Rua 173,182,SP,Brasil,bruno@teste.com.br,1191234-1406
Bruno Gomes,Rua 174,183,SP,Brasil,bruno@teste.com.br,1191234-1407
Bruno Gomes,Rua 175,184,SP,Brasil,bruno@teste.com.br,1191234-1408
Bruno Gomes,Rua 176,185,SP,Brasil,bruno@teste.com.br,1191234-1409
Bruno Gomes,Rua 177,186,SP,Brasil,bruno@teste.com.br,1191234-1410
Bruno Gomes,Rua 178,187,SP,Brasil,bruno@teste.com.br,1191234-1411
Bruno Gomes,Rua 179,188,SP,Brasil,bruno@teste.com.br,1191234-1412
Bruno Gomes,Rua 180,189,SP,Brasil,bruno@teste.com.br,1191234-1413
Bruno Gomes,Rua 181,190,SP,Brasil,bruno@teste.com.br,1191234-1414
Bruno Gomes,Rua 182,191,SP,Brasil,bruno@teste.com.br,1191234-1415
Bruno Gomes,Rua 183,192,SP,Brasil,bruno@teste.com.br,1191234-1416
Bruno Gomes,Rua 184,193,SP,Brasil,bruno@teste.com.br,1191234-1417
Bruno Gomes,Rua 185,194,SP,Brasil,bruno@teste.com.br,1191234-1418
Bruno Gomes,Rua 186,195,SP,Brasil,bruno@teste.com.br,1191234-1419
Bruno Gomes,Rua 187,196,SP,Brasil,bruno@teste.com.br,1191234-1420
Bruno Gomes,Rua 188,197,SP,Brasil,bruno@teste.com.br,1191234-1421
Bruno Gomes,Rua 189,198,SP,Brasil,bruno@teste.com.br,1191234-1422
Bruno Gomes,Rua 190,199,SP,Brasil,bruno@teste.com.br,1191234-1423
Bruno Gomes,Rua 191,200,SP,Brasil,bruno@teste.com.br,1191234-1424
Bruno Gomes,Rua 192,201,SP,Brasil,bruno@teste.com.br,1191234-1425
Bruno Gomes,Rua 193,202,SP,Brasil,bruno@teste.com.br,1191234-1426
Bruno Gomes,Rua 194,203,SP,Brasil,bruno@teste.com.br,1191234-1427
Bruno Gomes,Rua 195,204,SP,Brasil,bruno@teste.com.br,1191234-1428
Bruno Gomes,Rua 196,205,SP,Brasil,bruno@teste.com.br,1191234-1429
Bruno Gomes,Rua 197,206,SP,Brasil,bruno@teste.com.br,1191234-1430
Bruno Gomes,Rua 198,207,SP,Brasil,bruno@teste.com.br,1191234-1431
Bruno Gomes,Rua 199,208,SP,Brasil,bruno@teste.com.br,1191234-1432
Bruno Gomes,Rua 200,209,SP,Brasil,bruno@teste.com.br,1191234-1433
Bruno Gomes,Rua 201,210,SP,Brasil,bruno@teste.com.br,1191234-1434
Bruno Gomes,Rua 202,211,SP,Brasil,bruno@teste.com.br,1191234-1435
Bruno Gomes,Rua 203,212,SP,Brasil,bruno@teste.com.br,1191234-1436
Bruno Gomes,Rua 204,213,SP,Brasil,bruno@teste.com.br,1191234-1437
Bruno Gomes,Rua 205,214,SP,Brasil,bruno@teste.com.br,1191234-1438
Bruno Gomes,Rua 206,215,SP,Brasil,bruno@teste.com.br,1191234-1439
Bruno Gomes,Rua 207,216,SP,Brasil,bruno@teste.com.br,1191234-1440
Bruno Gomes,Rua 208,217,SP,Brasil,bruno@teste.com.br,1191234-1441
Bruno Gomes,Rua 209,218,SP,Brasil,bruno@teste.com.br,1191234-1442
Bruno Gomes,Rua 210,219,SP,Brasil,bruno@teste.com.br,1191234-1443
Bruno Gomes,Rua 211,220,SP,Brasil,bruno@teste.com.br,1191234-1444
Bruno Gomes,Rua 212,221,SP,Brasil,bruno@teste.com.br,1191234-1445
Bruno Gomes,Rua 213,222,SP,Brasil,bruno@teste.com.br,1191234-1446
Bruno Gomes,Rua 214,223,SP,Brasil,bruno@teste.com.br,1191234-1447
Bruno Gomes,Rua 215,224,SP,Brasil,bruno@teste.com.br,1191234-1448
Bruno Gomes,Rua 216,225,SP,Brasil,bruno@teste.com.br,1191234-1449
Bruno Gomes,Rua 217,226,SP,Brasil,bruno@teste.com.br,1191234-1450
Bruno Gomes,Rua 218,227,SP,Brasil,bruno@teste.com.br,1191234-1451
Bruno Gomes,Rua 219,228,SP,Brasil,bruno@teste.com.br,1191234-1452
Bruno Gomes,Rua 220,229,SP,Brasil,bruno@teste.com.br,1191234-1453
Bruno Gomes,Rua 221,230,SP,Brasil,bruno@teste.com.br,1191234-1454
Bruno Gomes,Rua 222,231,SP,Brasil,bruno@teste.com.br,1191234-1455
Bruno Gomes,Rua 223,232,SP,Brasil,bruno@teste.com.br,1191234-1456
Bruno Gomes,Rua 224,233,SP,Brasil,bruno@teste.com.br,1191234-1457
Bruno Gomes,Rua 225,234,SP,Brasil,bruno@teste.com.br,1191234-1458
Bruno Gomes,Rua 226,235,SP,Brasil,bruno@teste.com.br,1191234-1459
Bruno Gomes,Rua 227,236,SP,Brasil,bruno@teste.com.br,1191234-1460
Bruno Gomes,Rua 228,237,SP,Brasil,bruno@teste.com.br,1191234-1461
Bruno Gomes,Rua 229,238,SP,Brasil,bruno@teste.com.br,1191234-1462
Bruno Gomes,Rua 230,239,SP,Brasil,bruno@teste.com.br,1191234-1463
Bruno Gomes,Rua 231,240,SP,Brasil,bruno@teste.com.br,1191234-1464
Bruno Gomes,Rua 232,241,SP,Brasil,bruno@teste.com.br,1191234-1465
Bruno Gomes,Rua 233,242,SP,Brasil,bruno@teste.com.br,1191234-1466
Bruno Gomes,Rua 234,243,SP,Brasil,bruno@teste.com.br,1191234-1467
Bruno Gomes,Rua 235,244,SP,Brasil,bruno@teste.com.br,1191234-1468
Bruno Gomes,Rua 236,245,SP,Brasil,bruno@teste.com.br,1191234-1469
Bruno Gomes,Rua 237,246,SP,Brasil,bruno@teste.com.br,1191234-1470
Bruno Gomes,Rua 238,247,SP,Brasil,bruno@teste.com.br,1191234-1471
Bruno Gomes,Rua 239,248,SP,Brasil,bruno@teste.com.br,1191234-1472
Bruno Gomes,Rua 240,249,SP,Brasil,bruno@teste.com.br,1191234-1473
Bruno Gomes,Rua 241,250,SP,Brasil,bruno@teste.com.br,1191234-1474
Bruno Gomes,Rua 242,251,SP,Brasil,bruno@teste.com.br,1191234-1475
Bruno Gomes,Rua 243,252,SP,Brasil,bruno@teste.com.br,1191234-1476
Bruno Gomes,Rua 244,253,SP,Brasil,bruno@teste.com.br,1191234-1477
Bruno Gomes,Rua 245,254,SP,Brasil,bruno@teste.com.br,1191234-1478
Bruno Gomes,Rua 246,255,SP,Brasil,bruno@teste.com.br,1191234-1479
Bruno Gomes,Rua 247,256,SP,Brasil,bruno@teste.com.br,1191234-1480
Bruno Gomes,Rua 248,257,SP,Brasil,bruno@teste.com.br,1191234-1481
Bruno Gomes,Rua 249,258,SP,Brasil,bruno@teste.com.br,1191234-1482
Bruno Gomes,Rua 250,259,SP,Brasil,bruno@teste.com.br,1191234-1483
Bruno Gomes,Rua 251,260,SP,Brasil,bruno@teste.com.br,1191234-1484
Bruno Gomes,Rua 252,261,SP,Brasil,bruno@teste.com.br,1191234-1485
Bruno Gomes,Rua 253,262,SP,Brasil,bruno@teste.com.br,1191234-1486
Bruno Gomes,Rua 254,263,SP,Brasil,bruno@teste.com.br,1191234-1487
Bruno Gomes,Rua 255,264,SP,Brasil,bruno@teste.com.br,1191234-1488
Bruno Gomes,Rua 256,265,SP,Brasil,bruno@teste.com.br,1191234-1489
Bruno Gomes,Rua 257,266,SP,Brasil,bruno@teste.com.br,1191234-1490
Bruno Gomes,Rua 258,267,SP,Brasil,bruno@teste.com.br,1191234-1491
Bruno Gomes,Rua 259,268,SP,Brasil,bruno@teste.com.br,1191234-1492
Bruno Gomes,Rua 260,269,SP,Brasil,bruno@teste.com.br,1191234-1493
Bruno Gomes,Rua 261,270,SP,Brasil,bruno@teste.com.br,1191234-1494
Bruno Gomes,Rua 262,271,SP,Brasil,bruno@teste.com.br,1191234-1495
Bruno Gomes,Rua 263,272,SP,Brasil,bruno@teste.com.br,1191234-1496
Bruno Gomes,Rua 264,273,SP,Brasil,bruno@teste.com.br,1191234-1497
Bruno Gomes,Rua 265,274,SP,Brasil,bruno@teste.com.br,1191234-1498
Bruno Gomes,Rua 266,275,SP,Brasil,bruno@teste.com.br,1191234-1499
Bruno Gomes,Rua 267,276,SP,Brasil,bruno@teste.com.br,1191234-1500
Bruno Gomes,Rua 268,277,SP,Brasil,bruno@teste.com.br,1191234-1501
Bruno Gomes,Rua 269,278,SP,Brasil,bruno@teste.com.br,1191234-1502
Bruno Gomes,Rua 270,279,SP,Brasil,bruno@teste.com.br,1191234-1503
Bruno Gomes,Rua 271,280,SP,Brasil,bruno@teste.com.br,1191234-1504
Bruno Gomes,Rua 272,281,SP,Brasil,bruno@teste.com.br,1191234-1505
Bruno Gomes,Rua 273,282,SP,Brasil,bruno@teste.com.br,1191234-1506
Bruno Gomes,Rua 274,283,SP,Brasil,bruno@teste.com.br,1191234-1507
Bruno Gomes,Rua 275,284,SP,Brasil,bruno@teste.com.br,1191234-1508
Bruno Gomes,Rua 276,285,SP,Brasil,bruno@teste.com.br,1191234-1509
Bruno Gomes,Rua 277,286,SP,Brasil,bruno@teste.com.br,1191234-1510
Bruno Gomes,Rua 278,287,SP,Brasil,bruno@teste.com.br,1191234-1511
Bruno Gomes,Rua 279,288,SP,Brasil,bruno@teste.com.br,1191234-1512
Bruno Gomes,Rua 280,289,SP,Brasil,bruno@teste.com.br,1191234-1513
Bruno Gomes,Rua 281,290,SP,Brasil,bruno@teste.com.br,1191234-1514
Bruno Gomes,Rua 282,291,SP,Brasil,bruno@teste.com.br,1191234-1515
Bruno Gomes,Rua 283,292,SP,Brasil,bruno@teste.com.br,1191234-1516
Bruno Gomes,Rua 284,293,SP,Brasil,bruno@teste.com.br,1191234-1517
Bruno Gomes,Rua 285,294,SP,Brasil,bruno@teste.com.br,1191234-1518
Bruno Gomes,Rua 286,295,SP,Brasil,bruno@teste.com.br,1191234-1519
Bruno Gomes,Rua 287,296,SP,Brasil,bruno@teste.com.br,1191234-1520
Bruno Gomes,Rua 288,297,SP,Brasil,bruno@teste.com.br,1191234-1521
Bruno Gomes,Rua 289,298,SP,Brasil,bruno@teste.com.br,1191234-1522
Bruno Gomes,Rua 290,299,SP,Brasil,bruno@teste.com.br,1191234-1523
Bruno Gomes,Rua 291,300,SP,Brasil,bruno@teste.com.br,1191234-1524
Bruno Gomes,Rua 292,301,SP,Brasil,bruno@teste.com.br,1191234-1525
Bruno Gomes,Rua 293,302,SP,Brasil,bruno@teste.com.br,1191234-1526
Bruno Gomes,Rua 294,303,SP,Brasil,bruno@teste.com.br,1191234-1527
Bruno Gomes,Rua 295,304,SP,Brasil,bruno@teste.com.br,1191234-1528
Bruno Gomes,Rua 296,305,SP,Brasil,bruno@teste.com.br,1191234-1529
Bruno Gomes,Rua 297,306,SP,Brasil,bruno@teste.com.br,1191234-1530
Bruno Gomes,Rua 298,307,SP,Brasil,bruno@teste.com.br,1191234-1531
Bruno Gomes,Rua 299,308,SP,Brasil,bruno@teste.com.br,1191234-1532
Bruno Gomes,Rua 300,309,SP,Brasil,bruno@teste.com.br,1191234-1533
Bruno Gomes,Rua 301,310,SP,Brasil,bruno@teste.com.br,1191234-1534
Bruno Gomes,Rua 302,311,SP,Brasil,bruno@teste.com.br,1191234-1535
Bruno Gomes,Rua 303,312,SP,Brasil,bruno@teste.com.br,1191234-1536
Bruno Gomes,Rua 304,313,SP,Brasil,bruno@teste.com.br,1191234-1537
Bruno Gomes,Rua 305,314,SP,Brasil,bruno@teste.com.br,1191234-1538
Bruno Gomes,Rua 306,315,SP,Brasil,bruno@teste.com.br,1191234-1539
Bruno Gomes,Rua 307,316,SP,Brasil,bruno@teste.com.br,1191234-1540
Bruno Gomes,Rua 308,317,SP,Brasil,bruno@teste.com.br,1191234-1541
Bruno Gomes,Rua 309,318,SP,Brasil,bruno@teste.com.br,1191234-1542
Bruno Gomes,Rua 310,319,SP,Brasil,bruno@teste.com.br,1191234-1543
Bruno Gomes,Rua 311,320,SP,Brasil,bruno@teste.com.br,1191234-1544
Bruno Gomes,Rua 312,321,SP,Brasil,bruno@teste.com.br,1191234-1545
Bruno Gomes,Rua 313,322,SP,Brasil,bruno@teste.com.br,1191234-1546
Bruno Gomes,Rua 314,323,SP,Brasil,bruno@teste.com.br,1191234-1547
Bruno Gomes,Rua 315,324,SP,Brasil,bruno@teste.com.br,1191234-1548
Bruno Gomes,Rua 316,325,SP,Brasil,bruno@teste.com.br,1191234-1549
Bruno Gomes,Rua 317,326,SP,Brasil,bruno@teste.com.br,1191234-1550
Bruno Gomes,Rua 318,327,SP,Brasil,bruno@teste.com.br,1191234-1551
Bruno Gomes,Rua 319,328,SP,Brasil,bruno@teste.com.br,1191234-1552
Bruno Gomes,Rua 320,329,SP,Brasil,bruno@teste.com.br,1191234-1553
Bruno Gomes,Rua 321,330,SP,Brasil,bruno@teste.com.br,1191234-1554
Bruno Gomes,Rua 322,331,SP,Brasil,bruno@teste.com.br,1191234-1555
Bruno Gomes,Rua 323,332,SP,Brasil,bruno@teste.com.br,1191234-1556
Bruno Gomes,Rua 324,333,SP,Brasil,bruno@teste.com.br,1191234-1557
Bruno Gomes,Rua 325,334,SP,Brasil,bruno@teste.com.br,1191234-1558
Bruno Gomes,Rua 326,335,SP,Brasil,bruno@teste.com.br,1191234-1559
Bruno Gomes,Rua 327,336,SP,Brasil,bruno@teste.com.br,1191234-1560
Bruno Gomes,Rua 328,337,SP,Brasil,bruno@teste.com.br,1191234-1561
Bruno Gomes,Rua 329,338,SP,Brasil,bruno@teste.com.br,1191234-1562
Bruno Gomes,Rua 330,339,SP,Brasil,bruno@teste.com.br,1191234-1563
Bruno Gomes,Rua 331,340,SP,Brasil,bruno@teste.com.br,1191234-1564
Bruno Gomes,Rua 332,341,SP,Brasil,bruno@teste.com.br,1191234-1565
Bruno Gomes,Rua 333,342,SP,Brasil,bruno@teste.com.br,1191234-1566
Bruno Gomes,Rua 334,343,SP,Brasil,bruno@teste.com.br,1191234-1567
Bruno Gomes,Rua 335,344,SP,Brasil,bruno@teste.com.br,1191234-1568
Bruno Gomes,Rua 336,345,SP,Brasil,bruno@teste.com.br,1191234-1569
Bruno Gomes,Rua 337,346,SP,Brasil,bruno@teste.com.br,1191234-1570
Bruno Gomes,Rua 338,347,SP,Brasil,bruno@teste.com.br,1191234-1571
Bruno Gomes,Rua 339,348,SP,Brasil,bruno@teste.com.br,1191234-1572
Bruno Gomes,Rua 340,349,SP,Brasil,bruno@teste.com.br,1191234-1573
Bruno Gomes,Rua 341,350,SP,Brasil,bruno@teste.com.br,1191234-1574
Bruno Gomes,Rua 342,351,SP,Brasil,bruno@teste.com.br,1191234-1575
Bruno Gomes,Rua 343,352,SP,Brasil,bruno@teste.com.br,1191234-1576
Bruno Gomes,Rua 344,353,SP,Brasil,bruno@teste.com.br,1191234-1577
Bruno Gomes,Rua 345,354,SP,Brasil,bruno@teste.com.br,1191234-1578
Bruno Gomes,Rua 346,355,SP,Brasil,bruno@teste.com.br,1191234-1579
Bruno Gomes,Rua 347,356,SP,Brasil,bruno@teste.com.br,1191234-1580
Bruno Gomes,Rua 348,357,SP,Brasil,bruno@teste.com.br,1191234-1581
Bruno Gomes,Rua 349,358,SP,Brasil,bruno@teste.com.br,1191234-1582
Bruno Gomes,Rua 350,359,SP,Brasil,bruno@teste.com.br,1191234-1583
Bruno Gomes,Rua 351,360,SP,Brasil,bruno@teste.com.br,1191234-1584
Bruno Gomes,Rua 352,361,SP,Brasil,bruno@teste.com.br,1191234-1585
Bruno Gomes,Rua 353,362,SP,Brasil,bruno@teste.com.br,1191234-1586
Bruno Gomes,Rua 354,363,SP,Brasil,bruno@teste.com.br,1191234-1587
Bruno Gomes,Rua 355,364,SP,Brasil,bruno@teste.com.br,1191234-1588
Bruno Gomes,Rua 356,365,SP,Brasil,bruno@teste.com.br,1191234-1589
Bruno Gomes,Rua 357,366,SP,Brasil,bruno@teste.com.br,1191234-1590
Bruno Gomes,Rua 358,367,SP,Brasil,bruno@teste.com.br,1191234-1591
Bruno Gomes,Rua 359,368,SP,Brasil,bruno@teste.com.br,1191234-1592
Bruno Gomes,Rua 360,369,SP,Brasil,bruno@teste.com.br,1191234-1593
Bruno Gomes,Rua 361,370,SP,Brasil,bruno@teste.com.br,1191234-1594
Bruno Gomes,Rua 362,371,SP,Brasil,bruno@teste.com.br,1191234-1595
Bruno Gomes,Rua 363,372,SP,Brasil,bruno@teste.com.br,1191234-1596
Bruno Gomes,Rua 364,373,SP,Brasil,bruno@teste.com.br,1191234-1597
Bruno Gomes,Rua 365,374,SP,Brasil,bruno@teste.com.br,1191234-1598
Bruno Gomes,Rua 366,375,SP,Brasil,bruno@teste.com.br,1191234-1599
Bruno Gomes,Rua 367,376,SP,Brasil,bruno@teste.com.br,1191234-1600
Bruno Gomes,Rua 368,377,SP,Brasil,bruno@teste.com.br,1191234-1601
Bruno Gomes,Rua 369,378,SP,Brasil,bruno@teste.com.br,1191234-1602
Bruno Gomes,Rua 370,379,SP,Brasil,bruno@teste.com.br,1191234-1603
Bruno Gomes,Rua 371,380,SP,Brasil,bruno@teste.com.br,1191234-1604
Bruno Gomes,Rua 372,381,SP,Brasil,bruno@teste.com.br,1191234-1605
Bruno Gomes,Rua 373,382,SP,Brasil,bruno@teste.com.br,1191234-1606
Bruno Gomes,Rua 374,383,SP,Brasil,bruno@teste.com.br,1191234-1607
Bruno Gomes,Rua 375,384,SP,Brasil,bruno@teste.com.br,1191234-1608
Bruno Gomes,Rua 376,385,SP,Brasil,bruno@teste.com.br,1191234-1609
Bruno Gomes,Rua 377,386,SP,Brasil,bruno@teste.com.br,1191234-1610
Bruno Gomes,Rua 378,387,SP,Brasil,bruno@teste.com.br,1191234-1611
Bruno Gomes,Rua 379,388,SP,Brasil,bruno@teste.com.br,1191234-1612
Bruno Gomes,Rua 380,389,SP,Brasil,bruno@teste.com.br,1191234-1613
Bruno Gomes,Rua 381,390,SP,Brasil,bruno@teste.com.br,1191234-1614
Bruno Gomes,Rua 382,391,SP,Brasil,bruno@teste.com.br,1191234-1615
Bruno Gomes,Rua 383,392,SP,Brasil,bruno@teste.com.br,1191234-1616
Bruno Gomes,Rua 384,393,SP,Brasil,bruno@teste.com.br,1191234-1617
Bruno Gomes,Rua 385,394,SP,Brasil,bruno@teste.com.br,1191234-1618
Bruno Gomes,Rua 386,395,SP,Brasil,bruno@teste.com.br,1191234-1619
Bruno Gomes,Rua 387,396,SP,Brasil,bruno@teste.com.br,1191234-1620
Bruno Gomes,Rua 388,397,SP,Brasil,bruno@teste.com.br,1191234-1621
Bruno Gomes,Rua 389,398,SP,Brasil,bruno@teste.com.br,1191234-1622
Bruno Gomes,Rua 390,399,SP,Brasil,bruno@teste.com.br,1191234-1623
Bruno Gomes,Rua 391,400,SP,Brasil,bruno@teste.com.br,1191234-1624
Bruno Gomes,Rua 392,401,SP,Brasil,bruno@teste.com.br,1191234-1625
Bruno Gomes,Rua 393,402,SP,Brasil,bruno@teste.com.br,1191234-1626
Bruno Gomes,Rua 394,403,SP,Brasil,bruno@teste.com.br,1191234-1627
Bruno Gomes,Rua 395,404,SP,Brasil,bruno@teste.com.br,1191234-1628
Bruno Gomes,Rua 396,405,SP,Brasil,bruno@teste.com.br,1191234-1629
Bruno Gomes,Rua 397,406,SP,Brasil,bruno@teste.com.br,1191234-1630
Bruno Gomes,Rua 398,407,SP,Brasil,bruno@teste.com.br,1191234-1631
Bruno Gomes,Rua 399,408,SP,Brasil,bruno@teste.com.br,1191234-1632
Bruno Gomes,Rua 400,409,SP,Brasil,bruno@teste.com.br,1191234-1633
Bruno Gomes,Rua 401,410,SP,Brasil,bruno@teste.com.br,1191234-1634
Bruno Gomes,Rua 402,411,SP,Brasil,bruno@teste.com.br,1191234-1635
Bruno Gomes,Rua 403,412,SP,Brasil,bruno@teste.com.br,1191234-1636
Bruno Gomes,Rua 404,413,SP,Brasil,bruno@teste.com.br,1191234-1637
Bruno Gomes,Rua 405,414,SP,Brasil,bruno@teste.com.br,1191234-1638
Bruno Gomes,Rua 406,415,SP,Brasil,bruno@teste.com.br,1191234-1639
Bruno Gomes,Rua 407,416,SP,Brasil,bruno@teste.com.br,1191234-1640
Bruno Gomes,Rua 408,417,SP,Brasil,bruno@teste.com.br,1191234-1641
Bruno Gomes,Rua 409,418,SP,Brasil,bruno@teste.com.br,1191234-1642
Bruno Gomes,Rua 410,419,SP,Brasil,bruno@teste.com.br,1191234-1643
Bruno Gomes,Rua 411,420,SP,Brasil,bruno@teste.com.br,1191234-1644
Bruno Gomes,Rua 412,421,SP,Brasil,bruno@teste.com.br,1191234-1645
Bruno Gomes,Rua 413,422,SP,Brasil,bruno@teste.com.br,1191234-1646
Bruno Gomes,Rua 414,423,SP,Brasil,bruno@teste.com.br,1191234-1647
Bruno Gomes,Rua 415,424,SP,Brasil,bruno@teste.com.br,1191234-1648
Bruno Gomes,Rua 416,425,SP,Brasil,bruno@teste.com.br,1191234-1649
Bruno Gomes,Rua 417,426,SP,Brasil,bruno@teste.com.br,1191234-1650
Bruno Gomes,Rua 418,427,SP,Brasil,bruno@teste.com.br,1191234-1651
Bruno Gomes,Rua 419,428,SP,Brasil,bruno@teste.com.br,1191234-1652
Bruno Gomes,Rua 420,429,SP,Brasil,bruno@teste.com.br,1191234-1653
Bruno Gomes,Rua 421,430,SP,Brasil,bruno@teste.com.br,1191234-1654
Bruno Gomes,Rua 422,431,SP,Brasil,bruno@teste.com.br,1191234-1655
Bruno Gomes,Rua 423,432,SP,Brasil,bruno@teste.com.br,1191234-1656
Bruno Gomes,Rua 424,433,SP,Brasil,bruno@teste.com.br,1191234-1657
Bruno Gomes,Rua 425,434,SP,Brasil,bruno@teste.com.br,1191234-1658
Bruno Gomes,Rua 426,435,SP,Brasil,bruno@teste.com.br,1191234-1659
Bruno Gomes,Rua 427,436,SP,Brasil,bruno@teste.com.br,1191234-1660
Bruno Gomes,Rua 428,437,SP,Brasil,bruno@teste.com.br,1191234-1661
Bruno Gomes,Rua 429,438,SP,Brasil,bruno@teste.com.br,1191234-1662
Bruno Gomes,Rua 430,439,SP,Brasil,bruno@teste.com.br,1191234-1663
Bruno Gomes,Rua 431,440,SP,Brasil,bruno@teste.com.br,1191234-1664
Bruno Gomes,Rua 432,441,SP,Brasil,bruno@teste.com.br,1191234-1665
Bruno Gomes,Rua 433,442,SP,Brasil,bruno@teste.com.br,1191234-1666
Bruno Gomes,Rua 434,443,SP,Brasil,bruno@teste.com.br,1191234-1667
Bruno Gomes,Rua 435,444,SP,Brasil,bruno@teste.com.br,1191234-1668
Bruno Gomes,Rua 436,445,SP,Brasil,bruno@teste.com.br,1191234-1669
Bruno Gomes,Rua 437,446,SP,Brasil,bruno@teste.com.br,1191234-1670
Bruno Gomes,Rua 438,447,SP,Brasil,bruno@teste.com.br,1191234-1671
Bruno Gomes,Rua 439,448,SP,Brasil,bruno@teste.com.br,1191234-1672
Bruno Gomes,Rua 440,449,SP,Brasil,bruno@teste.com.br,1191234-1673
Bruno Gomes,Rua 441,450,SP,Brasil,bruno@teste.com.br,1191234-1674
Bruno Gomes,Rua 442,451,SP,Brasil,bruno@teste.com.br,1191234-1675
Bruno Gomes,Rua 443,452,SP,Brasil,bruno@teste.com.br,1191234-1676
Bruno Gomes,Rua 444,453,SP,Brasil,bruno@teste.com.br,1191234-1677
Bruno Gomes,Rua 445,454,SP,Brasil,bruno@teste.com.br,1191234-1678
Bruno Gomes,Rua 446,455,SP,Brasil,bruno@teste.com.br,1191234-1679
Bruno Gomes,Rua 447,456,SP,Brasil,bruno@teste.com.br,1191234-1680
Bruno Gomes,Rua 448,457,SP,Brasil,bruno@teste.com.br,1191234-1681
Bruno Gomes,Rua 449,458,SP,Brasil,bruno@teste.com.br,1191234-1682
Bruno Gomes,Rua 450,459,SP,Brasil,bruno@teste.com.br,1191234-1683
Bruno Gomes,Rua 451,460,SP,Brasil,bruno@teste.com.br,1191234-1684
Bruno Gomes,Rua 452,461,SP,Brasil,bruno@teste.com.br,1191234-1685
Bruno Gomes,Rua 453,462,SP,Brasil,bruno@teste.com.br,1191234-1686
Bruno Gomes,Rua 454,463,SP,Brasil,bruno@teste.com.br,1191234-1687
Bruno Gomes,Rua 455,464,SP,Brasil,bruno@teste.com.br,1191234-1688
Bruno Gomes,Rua 456,465,SP,Brasil,bruno@teste.com.br,1191234-1689
Bruno Gomes,Rua 457,466,SP,Brasil,bruno@teste.com.br,1191234-1690
Bruno Gomes,Rua 458,467,SP,Brasil,bruno@teste.com.br,1191234-1691
Bruno Gomes,Rua 459,468,SP,Brasil,bruno@teste.com.br,1191234-1692
Bruno Gomes,Rua 460,469,SP,Brasil,bruno@teste.com.br,1191234-1693
Bruno Gomes,Rua 461,470,SP,Brasil,bruno@teste.com.br,1191234-1694
Bruno Gomes,Rua 462,471,SP,Brasil,bruno@teste.com.br,1191234-1695
Bruno Gomes,Rua 463,472,SP,Brasil,bruno@teste.com.br,1191234-1696
Bruno Gomes,Rua 464,473,SP,Brasil,bruno@teste.com.br,1191234-1697
Bruno Gomes,Rua 465,474,SP,Brasil,bruno@teste.com.br,1191234-1698
Bruno Gomes,Rua 466,475,SP,Brasil,bruno@teste.com.br,1191234-1699
Bruno Gomes,Rua 467,476,SP,Brasil,bruno@teste.com.br,1191234-1700
Bruno Gomes,Rua 468,477,SP,Brasil,bruno@teste.com.br,1191234-1701
Bruno Gomes,Rua 469,478,SP,Brasil,bruno@teste.com.br,1191234-1702
Bruno Gomes,Rua 470,479,SP,Brasil,bruno@teste.com.br,1191234-1703
Bruno Gomes,Rua 471,480,SP,Brasil,bruno@teste.com.br,1191234-1704
Bruno Gomes,Rua 472,481,SP,Brasil,bruno@teste.com.br,1191234-1705
Bruno Gomes,Rua 473,482,SP,Brasil,bruno@teste.com.br,1191234-1706
Bruno Gomes,Rua 474,483,SP,Brasil,bruno@teste.com.br,1191234-1707
Bruno Gomes,Rua 475,484,SP,Brasil,bruno@teste.com.br,1191234-1708
Bruno Gomes,Rua 476,485,SP,Brasil,bruno@teste.com.br,1191234-1709
Bruno Gomes,Rua 477,486,SP,Brasil,bruno@teste.com.br,1191234-1710
Bruno Gomes,Rua 478,487,SP,Brasil,bruno@teste.com.br,1191234-1711
Bruno Gomes,Rua 479,488,SP,Brasil,bruno@teste.com.br,1191234-1712
Bruno Gomes,Rua 480,489,SP,Brasil,bruno@teste.com.br,1191234-1713
Bruno Gomes,Rua 481,490,SP,Brasil,bruno@teste.com.br,1191234-1714
Bruno Gomes,Rua 482,491,SP,Brasil,bruno@teste.com.br,1191234-1715
Bruno Gomes,Rua 483,492,SP,Brasil,bruno@teste.com.br,1191234-1716
Bruno Gomes,Rua 484,493,SP,Brasil,bruno@teste.com.br,1191234-1717
Bruno Gomes,Rua 485,494,SP,Brasil,bruno@teste.com.br,1191234-1718
Bruno Gomes,Rua 486,495,SP,Brasil,bruno@teste.com.br,1191234-1719
Bruno Gomes,Rua 487,496,SP,Brasil,bruno@teste.com.br,1191234-1720
Bruno Gomes,Rua 488,497,SP,Brasil,bruno@teste.com.br,1191234-1721
Bruno Gomes,Rua 489,498,SP,Brasil,bruno@teste.com.br,1191234-1722
Bruno Gomes,Rua 490,499,SP,Brasil,bruno@teste.com.br,1191234-1723
Bruno Gomes,Rua 491,500,SP,Brasil,bruno@teste.com.br,1191234-1724
Bruno Gomes,Rua 492,501,SP,Brasil,bruno@teste.com.br,1191234-1725
Bruno Gomes,Rua 493,502,SP,Brasil,bruno@teste.com.br,1191234-1726
Bruno Gomes,Rua 494,503,SP,Brasil,bruno@teste.com.br,1191234-1727
Bruno Gomes,Rua 495,504,SP,Brasil,bruno@teste.com.br,1191234-1728
Bruno Gomes,Rua 496,505,SP,Brasil,bruno@teste.com.br,1191234-1729
Bruno Gomes,Rua 497,506,SP,Brasil,bruno@teste.com.br,1191234-1730
Bruno Gomes,Rua 498,507,SP,Brasil,bruno@teste.com.br,1191234-1731
Bruno Gomes,Rua 499,508,SP,Brasil,bruno@teste.com.br,1191234-1732
Bruno Gomes,Rua 500,509,SP,Brasil,bruno@teste.com.br,1191234-1733
Bruno Gomes,Rua 501,510,SP,Brasil,bruno@teste.com.br,1191234-1734
Bruno Gomes,Rua 502,511,SP,Brasil,bruno@teste.com.br,1191234-1735
Bruno Gomes,Rua 503,512,SP,Brasil,bruno@teste.com.br,1191234-1736
Bruno Gomes,Rua 504,513,SP,Brasil,bruno@teste.com.br,1191234-1737
Bruno Gomes,Rua 505,514,SP,Brasil,bruno@teste.com.br,1191234-1738
Bruno Gomes,Rua 506,515,SP,Brasil,bruno@teste.com.br,1191234-1739
Bruno Gomes,Rua 507,516,SP,Brasil,bruno@teste.com.br,1191234-1740
Bruno Gomes,Rua 508,517,SP,Brasil,bruno@teste.com.br,1191234-1741
Bruno Gomes,Rua 509,518,SP,Brasil,bruno@teste.com.br,1191234-1742
Bruno Gomes,Rua 510,519,SP,Brasil,bruno@teste.com.br,1191234-1743
Bruno Gomes,Rua 511,520,SP,Brasil,bruno@teste.com.br,1191234-1744
Bruno Gomes,Rua 512,521,SP,Brasil,bruno@teste.com.br,1191234-1745
Bruno Gomes,Rua 513,522,SP,Brasil,bruno@teste.com.br,1191234-1746
Bruno Gomes,Rua 514,523,SP,Brasil,bruno@teste.com.br,1191234-1747
Bruno Gomes,Rua 515,524,SP,Brasil,bruno@teste.com.br,1191234-1748
Bruno Gomes,Rua 516,525,SP,Brasil,bruno@teste.com.br,1191234-1749
Bruno Gomes,Rua 517,526,SP,Brasil,bruno@teste.com.br,1191234-1750
Bruno Gomes,Rua 518,527,SP,Brasil,bruno@teste.com.br,1191234-1751
Bruno Gomes,Rua 519,528,SP,Brasil,bruno@teste.com.br,1191234-1752
Bruno Gomes,Rua 520,529,SP,Brasil,bruno@teste.com.br,1191234-1753
Bruno Gomes,Rua 521,530,SP,Brasil,bruno@teste.com.br,1191234-1754
Bruno Gomes,Rua 522,531,SP,Brasil,bruno@teste.com.br,1191234-1755
Bruno Gomes,Rua 523,532,SP,Brasil,bruno@teste.com.br,1191234-1756
Bruno Gomes,Rua 524,533,SP,Brasil,bruno@teste.com.br,1191234-1757
Bruno Gomes,Rua 525,534,SP,Brasil,bruno@teste.com.br,1191234-1758
Bruno Gomes,Rua 526,535,SP,Brasil,bruno@teste.com.br,1191234-1759
Bruno Gomes,Rua 527,536,SP,Brasil,bruno@teste.com.br,1191234-1760
Bruno Gomes,Rua 528,537,SP,Brasil,bruno@teste.com.br,1191234-1761
Bruno Gomes,Rua 529,538,SP,Brasil,bruno@teste.com.br,1191234-1762
Bruno Gomes,Rua 530,539,SP,Brasil,bruno@teste.com.br,1191234-1763
Bruno Gomes,Rua 531,540,SP,Brasil,bruno@teste.com.br,1191234-1764
Bruno Gomes,Rua 532,541,SP,Brasil,bruno@teste.com.br,1191234-1765
Bruno Gomes,Rua 533,542,SP,Brasil,bruno@teste.com.br,1191234-1766
Bruno Gomes,Rua 534,543,SP,Brasil,bruno@teste.com.br,1191234-1767
Bruno Gomes,Rua 535,544,SP,Brasil,bruno@teste.com.br,1191234-1768
Bruno Gomes,Rua 536,545,SP,Brasil,bruno@teste.com.br,1191234-1769
Bruno Gomes,Rua 537,546,SP,Brasil,bruno@teste.com.br,1191234-1770
Bruno Gomes,Rua 538,547,SP,Brasil,bruno@teste.com.br,1191234-1771
Bruno Gomes,Rua 539,548,SP,Brasil,bruno@teste.com.br,1191234-1772
Bruno Gomes,Rua 540,549,SP,Brasil,bruno@teste.com.br,1191234-1773
Bruno Gomes,Rua 541,550,SP,Brasil,bruno@teste.com.br,1191234-1774
Bruno Gomes,Rua 542,551,SP,Brasil,bruno@teste.com.br,1191234-1775
Bruno Gomes,Rua 543,552,SP,Brasil,bruno@teste.com.br,1191234-1776
Bruno Gomes,Rua 544,553,SP,Brasil,bruno@teste.com.br,1191234-1777
Bruno Gomes,Rua 545,554,SP,Brasil,bruno@teste.com.br,1191234-1778
Bruno Gomes,Rua 546,555,SP,Brasil,bruno@teste.com.br,1191234-1779
Bruno Gomes,Rua 547,556,SP,Brasil,bruno@teste.com.br,1191234-1780
Bruno Gomes,Rua 548,557,SP,Brasil,bruno@teste.com.br,1191234-1781
Bruno Gomes,Rua 549,558,SP,Brasil,bruno@teste.com.br,1191234-1782
Bruno Gomes,Rua 550,559,SP,Brasil,bruno@teste.com.br,1191234-1783
Bruno Gomes,Rua 551,560,SP,Brasil,bruno@teste.com.br,1191234-1784
Bruno Gomes,Rua 552,561,SP,Brasil,bruno@teste.com.br,1191234-1785
Bruno Gomes,Rua 553,562,SP,Brasil,bruno@teste.com.br,1191234-1786
Bruno Gomes,Rua 554,563,SP,Brasil,bruno@teste.com.br,1191234-1787
Bruno Gomes,Rua 555,564,SP,Brasil,bruno@teste.com.br,1191234-1788
Bruno Gomes,Rua 556,565,SP,Brasil,bruno@teste.com.br,1191234-1789
Bruno Gomes,Rua 557,566,SP,Brasil,bruno@teste.com.br,1191234-1790
Bruno Gomes,Rua 558,567,SP,Brasil,bruno@teste.com.br,1191234-1791
Bruno Gomes,Rua 559,568,SP,Brasil,bruno@teste.com.br,1191234-1792
Bruno Gomes,Rua 560,569,SP,Brasil,bruno@teste.com.br,1191234-1793
Bruno Gomes,Rua 561,570,SP,Brasil,bruno@teste.com.br,1191234-1794
Bruno Gomes,Rua 562,571,SP,Brasil,bruno@teste.com.br,1191234-1795
Bruno Gomes,Rua 563,572,SP,Brasil,bruno@teste.com.br,1191234-1796
Bruno Gomes,Rua 564,573,SP,Brasil,bruno@teste.com.br,1191234-1797
Bruno Gomes,Rua 565,574,SP,Brasil,bruno@teste.com.br,1191234-1798
Bruno Gomes,Rua 566,575,SP,Brasil,bruno@teste.com.br,1191234-1799
Bruno Gomes,Rua 567,576,SP,Brasil,bruno@teste.com.br,1191234-1800
Bruno Gomes,Rua 568,577,SP,Brasil,bruno@teste.com.br,1191234-1801
Bruno Gomes,Rua 569,578,SP,Brasil,bruno@teste.com.br,1191234-1802
Bruno Gomes,Rua 570,579,SP,Brasil,bruno@teste.com.br,1191234-1803
Bruno Gomes,Rua 571,580,SP,Brasil,bruno@teste.com.br,1191234-1804
Bruno Gomes,Rua 572,581,SP,Brasil,bruno@teste.com.br,1191234-1805
Bruno Gomes,Rua 573,582,SP,Brasil,bruno@teste.com.br,1191234-1806
Bruno Gomes,Rua 574,583,SP,Brasil,bruno@teste.com.br,1191234-1807
Bruno Gomes,Rua 575,584,SP,Brasil,bruno@teste.com.br,1191234-1808
Bruno Gomes,Rua 576,585,SP,Brasil,bruno@teste.com.br,1191234-1809
Bruno Gomes,Rua 577,586,SP,Brasil,bruno@teste.com.br,1191234-1810
Bruno Gomes,Rua 578,587,SP,Brasil,bruno@teste.com.br,1191234-1811
Bruno Gomes,Rua 579,588,SP,Brasil,bruno@teste.com.br,1191234-1812
Bruno Gomes,Rua 580,589,SP,Brasil,bruno@teste.com.br,1191234-1813
Bruno Gomes,Rua 581,590,SP,Brasil,bruno@teste.com.br,1191234-1814
Bruno Gomes,Rua 582,591,SP,Brasil,bruno@teste.com.br,1191234-1815
Bruno Gomes,Rua 583,592,SP,Brasil,bruno@teste.com.br,1191234-1816
Bruno Gomes,Rua 584,593,SP,Brasil,bruno@teste.com.br,1191234-1817
Bruno Gomes,Rua 585,594,SP,Brasil,bruno@teste.com.br,1191234-1818
Bruno Gomes,Rua 586,595,SP,Brasil,bruno@teste.com.br,1191234-1819
Bruno Gomes,Rua 587,596,SP,Brasil,bruno@teste.com.br,1191234-1820
Bruno Gomes,Rua 588,597,SP,Brasil,bruno@teste.com.br,1191234-1821
Bruno Gomes,Rua 589,598,SP,Brasil,bruno@teste.com.br,1191234-1822
Bruno Gomes,Rua 590,599,SP,Brasil,bruno@teste.com.br,1191234-1823
Bruno Gomes,Rua 591,600,SP,Brasil,bruno@teste.com.br,1191234-1824
Bruno Gomes,Rua 592,601,SP,Brasil,bruno@teste.com.br,1191234-1825
Bruno Gomes,Rua 593,602,SP,Brasil,bruno@teste.com.br,1191234-1826
Bruno Gomes,Rua 594,603,SP,Brasil,bruno@teste.com.br,1191234-1827
Bruno Gomes,Rua 595,604,SP,Brasil,bruno@teste.com.br,1191234-1828
Bruno Gomes,Rua 596,605,SP,Brasil,bruno@teste.com.br,1191234-1829
Bruno Gomes,Rua 597,606,SP,Brasil,bruno@teste.com.br,1191234-1830
Bruno Gomes,Rua 598,607,SP,Brasil,bruno@teste.com.br,1191234-1831
Bruno Gomes,Rua 599,608,SP,Brasil,bruno@teste.com.br,1191234-1832
Bruno Gomes,Rua 600,609,SP,Brasil,bruno@teste.com.br,1191234-1833
Bruno Gomes,Rua 601,610,SP,Brasil,bruno@teste.com.br,1191234-1834
Bruno Gomes,Rua 602,611,SP,Brasil,bruno@teste.com.br,1191234-1835
Bruno Gomes,Rua 603,612,SP,Brasil,bruno@teste.com.br,1191234-1836
Bruno Gomes,Rua 604,613,SP,Brasil,bruno@teste.com.br,1191234-1837
Bruno Gomes,Rua 605,614,SP,Brasil,bruno@teste.com.br,1191234-1838
Bruno Gomes,Rua 606,615,SP,Brasil,bruno@teste.com.br,1191234-1839
Bruno Gomes,Rua 607,616,SP,Brasil,bruno@teste.com.br,1191234-1840
Bruno Gomes,Rua 608,617,SP,Brasil,bruno@teste.com.br,1191234-1841
Bruno Gomes,Rua 609,618,SP,Brasil,bruno@teste.com.br,1191234-1842
Bruno Gomes,Rua 610,619,SP,Brasil,bruno@teste.com.br,1191234-1843
Bruno Gomes,Rua 611,620,SP,Brasil,bruno@teste.com.br,1191234-1844
Bruno Gomes,Rua 612,621,SP,Brasil,bruno@teste.com.br,1191234-1845
Bruno Gomes,Rua 613,622,SP,Brasil,bruno@teste.com.br,1191234-1846
Bruno Gomes,Rua 614,623,SP,Brasil,bruno@teste.com.br,1191234-1847
Bruno Gomes,Rua 615,624,SP,Brasil,bruno@teste.com.br,1191234-1848
Bruno Gomes,Rua 616,625,SP,Brasil,bruno@teste.com.br,1191234-1849
Bruno Gomes,Rua 617,626,SP,Brasil,bruno@teste.com.br,1191234-1850
Bruno Gomes,Rua 618,627,SP,Brasil,bruno@teste.com.br,1191234-1851
Bruno Gomes,Rua 619,628,SP,Brasil,bruno@teste.com.br,1191234-1852
Bruno Gomes,Rua 620,629,SP,Brasil,bruno@teste.com.br,1191234-1853
Bruno Gomes,Rua 621,630,SP,Brasil,bruno@teste.com.br,1191234-1854
Bruno Gomes,Rua 622,631,SP,Brasil,bruno@teste.com.br,1191234-1855
Bruno Gomes,Rua 623,632,SP,Brasil,bruno@teste.com.br,1191234-1856
Bruno Gomes,Rua 624,633,SP,Brasil,bruno@teste.com.br,1191234-1857
Bruno Gomes,Rua 625,634,SP,Brasil,bruno@teste.com.br,1191234-1858
Bruno Gomes,Rua 626,635,SP,Brasil,bruno@teste.com.br,1191234-1859
Bruno Gomes,Rua 627,636,SP,Brasil,bruno@teste.com.br,1191234-1860
Bruno Gomes,Rua 628,637,SP,Brasil,bruno@teste.com.br,1191234-1861
Bruno Gomes,Rua 629,638,SP,Brasil,bruno@teste.com.br,1191234-1862
Bruno Gomes,Rua 630,639,SP,Brasil,bruno@teste.com.br,1191234-1863
Bruno Gomes,Rua 631,640,SP,Brasil,bruno@teste.com.br,1191234-1864
Bruno Gomes,Rua 632,641,SP,Brasil,bruno@teste.com.br,1191234-1865
Bruno Gomes,Rua 633,642,SP,Brasil,bruno@teste.com.br,1191234-1866
Bruno Gomes,Rua 634,643,SP,Brasil,bruno@teste.com.br,1191234-1867
Bruno Gomes,Rua 635,644,SP,Brasil,bruno@teste.com.br,1191234-1868
Bruno Gomes,Rua 636,645,SP,Brasil,bruno@teste.com.br,1191234-1869
Bruno Gomes,Rua 637,646,SP,Brasil,bruno@teste.com.br,1191234-1870
Bruno Gomes,Rua 638,647,SP,Brasil,bruno@teste.com.br,1191234-1871
Bruno Gomes,Rua 639,648,SP,Brasil,bruno@teste.com.br,1191234-1872
Bruno Gomes,Rua 640,649,SP,Brasil,bruno@teste.com.br,1191234-1873
Bruno Gomes,Rua 641,650,SP,Brasil,bruno@teste.com.br,1191234-1874
Bruno Gomes,Rua 642,651,SP,Brasil,bruno@teste.com.br,1191234-1875
Bruno Gomes,Rua 643,652,SP,Brasil,bruno@teste.com.br,1191234-1876
Bruno Gomes,Rua 644,653,SP,Brasil,bruno@teste.com.br,1191234-1877
Bruno Gomes,Rua 645,654,SP,Brasil,bruno@teste.com.br,1191234-1878
Bruno Gomes,Rua 646,655,SP,Brasil,bruno@teste.com.br,1191234-1879
Bruno Gomes,Rua 647,656,SP,Brasil,bruno@teste.com.br,1191234-1880
Bruno Gomes,Rua 648,657,SP,Brasil,bruno@teste.com.br,1191234-1881
Bruno Gomes,Rua 649,658,SP,Brasil,bruno@teste.com.br,1191234-1882
Bruno Gomes,Rua 650,659,SP,Brasil,bruno@teste.com.br,1191234-1883
Bruno Gomes,Rua 651,660,SP,Brasil,bruno@teste.com.br,1191234-1884
Bruno Gomes,Rua 652,661,SP,Brasil,bruno@teste.com.br,1191234-1885
Bruno Gomes,Rua 653,662,SP,Brasil,bruno@teste.com.br,1191234-1886
Bruno Gomes,Rua 654,663,SP,Brasil,bruno@teste.com.br,1191234-1887
Bruno Gomes,Rua 655,664,SP,Brasil,bruno@teste.com.br,1191234-1888
Bruno Gomes,Rua 656,665,SP,Brasil,bruno@teste.com.br,1191234-1889
Bruno Gomes,Rua 657,666,SP,Brasil,bruno@teste.com.br,1191234-1890
Bruno Gomes,Rua 658,667,SP,Brasil,bruno@teste.com.br,1191234-1891
Bruno Gomes,Rua 659,668,SP,Brasil,bruno@teste.com.br,1191234-1892
Bruno Gomes,Rua 660,669,SP,Brasil,bruno@teste.com.br,1191234-1893
Bruno Gomes,Rua 661,670,SP,Brasil,bruno@teste.com.br,1191234-1894
Bruno Gomes,Rua 662,671,SP,Brasil,bruno@teste.com.br,1191234-1895
Bruno Gomes,Rua 663,672,SP,Brasil,bruno@teste.com.br,1191234-1896
Bruno Gomes,Rua 664,673,SP,Brasil,bruno@teste.com.br,1191234-1897
Bruno Gomes,Rua 665,674,SP,Brasil,bruno@teste.com.br,1191234-1898
Bruno Gomes,Rua 666,675,SP,Brasil,bruno@teste.com.br,1191234-1899
Bruno Gomes,Rua 667,676,SP,Brasil,bruno@teste.com.br,1191234-1900
Bruno Gomes,Rua 668,677,SP,Brasil,bruno@teste.com.br,1191234-1901
Bruno Gomes,Rua 669,678,SP,Brasil,bruno@teste.com.br,1191234-1902
Bruno Gomes,Rua 670,679,SP,Brasil,bruno@teste.com.br,1191234-1903
Bruno Gomes,Rua 671,680,SP,Brasil,bruno@teste.com.br,1191234-1904
Bruno Gomes,Rua 672,681,SP,Brasil,bruno@teste.com.br,1191234-1905
Bruno Gomes,Rua 673,682,SP,Brasil,bruno@teste.com.br,1191234-1906
Bruno Gomes,Rua 674,683,SP,Brasil,bruno@teste.com.br,1191234-1907
Bruno Gomes,Rua 675,684,SP,Brasil,bruno@teste.com.br,1191234-1908
Bruno Gomes,Rua 676,685,SP,Brasil,bruno@teste.com.br,1191234-1909
Bruno Gomes,Rua 677,686,SP,Brasil,bruno@teste.com.br,1191234-1910
Bruno Gomes,Rua 678,687,SP,Brasil,bruno@teste.com.br,1191234-1911
Bruno Gomes,Rua 679,688,SP,Brasil,bruno@teste.com.br,1191234-1912
Bruno Gomes,Rua 680,689,SP,Brasil,bruno@teste.com.br,1191234-1913
Bruno Gomes,Rua 681,690,SP,Brasil,bruno@teste.com.br,1191234-1914
Bruno Gomes,Rua 682,691,SP,Brasil,bruno@teste.com.br,1191234-1915
Bruno Gomes,Rua 683,692,SP,Brasil,bruno@teste.com.br,1191234-1916
Bruno Gomes,Rua 684,693,SP,Brasil,bruno@teste.com.br,1191234-1917
Bruno Gomes,Rua 685,694,SP,Brasil,bruno@teste.com.br,1191234-1918
Bruno Gomes,Rua 686,695,SP,Brasil,bruno@teste.com.br,1191234-1919
Bruno Gomes,Rua 687,696,SP,Brasil,bruno@teste.com.br,1191234-1920
Bruno Gomes,Rua 688,697,SP,Brasil,bruno@teste.com.br,1191234-1921
Bruno Gomes,Rua 689,698,SP,Brasil,bruno@teste.com.br,1191234-1922
Bruno Gomes,Rua 690,699,SP,Brasil,bruno@teste.com.br,1191234-1923
Bruno Gomes,Rua 691,700,SP,Brasil,bruno@teste.com.br,1191234-1924
Bruno Gomes,Rua 692,701,SP,Brasil,bruno@teste.com.br,1191234-1925
Bruno Gomes,Rua 693,702,SP,Brasil,bruno@teste.com.br,1191234-1926
Bruno Gomes,Rua 694,703,SP,Brasil,bruno@teste.com.br,1191234-1927
Bruno Gomes,Rua 695,704,SP,Brasil,bruno@teste.com.br,1191234-1928
Bruno Gomes,Rua 696,705,SP,Brasil,bruno@teste.com.br,1191234-1929
Bruno Gomes,Rua 697,706,SP,Brasil,bruno@teste.com.br,1191234-1930
Bruno Gomes,Rua 698,707,SP,Brasil,bruno@teste.com.br,1191234-1931
Bruno Gomes,Rua 699,708,SP,Brasil,bruno@teste.com.br,1191234-1932
Bruno Gomes,Rua 700,709,SP,Brasil,bruno@teste.com.br,1191234-1933
Bruno Gomes,Rua 701,710,SP,Brasil,bruno@teste.com.br,1191234-1934
Bruno Gomes,Rua 702,711,SP,Brasil,bruno@teste.com.br,1191234-1935
Bruno Gomes,Rua 703,712,SP,Brasil,bruno@teste.com.br,1191234-1936
Bruno Gomes,Rua 704,713,SP,Brasil,bruno@teste.com.br,1191234-1937
Bruno Gomes,Rua 705,714,SP,Brasil,bruno@teste.com.br,1191234-1938
Bruno Gomes,Rua 706,715,SP,Brasil,bruno@teste.com.br,1191234-1939
Bruno Gomes,Rua 707,716,SP,Brasil,bruno@teste.com.br,1191234-1940
Bruno Gomes,Rua 708,717,SP,Brasil,bruno@teste.com.br,1191234-1941
Bruno Gomes,Rua 709,718,SP,Brasil,bruno@teste.com.br,1191234-1942
Bruno Gomes,Rua 710,719,SP,Brasil,bruno@teste.com.br,1191234-1943
Bruno Gomes,Rua 711,720,SP,Brasil,bruno@teste.com.br,1191234-1944
Bruno Gomes,Rua 712,721,SP,Brasil,bruno@teste.com.br,1191234-1945
Bruno Gomes,Rua 713,722,SP,Brasil,bruno@teste.com.br,1191234-1946
Bruno Gomes,Rua 714,723,SP,Brasil,bruno@teste.com.br,1191234-1947
Bruno Gomes,Rua 715,724,SP,Brasil,bruno@teste.com.br,1191234-1948
Bruno Gomes,Rua 716,725,SP,Brasil,bruno@teste.com.br,1191234-1949
Bruno Gomes,Rua 717,726,SP,Brasil,bruno@teste.com.br,1191234-1950
Bruno Gomes,Rua 718,727,SP,Brasil,bruno@teste.com.br,1191234-1951
Bruno Gomes,Rua 719,728,SP,Brasil,bruno@teste.com.br,1191234-1952
Bruno Gomes,Rua 720,729,SP,Brasil,bruno@teste.com.br,1191234-1953
Bruno Gomes,Rua 721,730,SP,Brasil,bruno@teste.com.br,1191234-1954
Bruno Gomes,Rua 722,731,SP,Brasil,bruno@teste.com.br,1191234-1955
Bruno Gomes,Rua 723,732,SP,Brasil,bruno@teste.com.br,1191234-1956
Bruno Gomes,Rua 724,733,SP,Brasil,bruno@teste.com.br,1191234-1957
Bruno Gomes,Rua 725,734,SP,Brasil,bruno@teste.com.br,1191234-1958
Bruno Gomes,Rua 726,735,SP,Brasil,bruno@teste.com.br,1191234-1959
Bruno Gomes,Rua 727,736,SP,Brasil,bruno@teste.com.br,1191234-1960
Bruno Gomes,Rua 728,737,SP,Brasil,bruno@teste.com.br,1191234-1961
Bruno Gomes,Rua 729,738,SP,Brasil,bruno@teste.com.br,1191234-1962
Bruno Gomes,Rua 730,739,SP,Brasil,bruno@teste.com.br,1191234-1963
Bruno Gomes,Rua 731,740,SP,Brasil,bruno@teste.com.br,1191234-1964
Bruno Gomes,Rua 732,741,SP,Brasil,bruno@teste.com.br,1191234-1965
Bruno Gomes,Rua 733,742,SP,Brasil,bruno@teste.com.br,1191234-1966
Bruno Gomes,Rua 734,743,SP,Brasil,bruno@teste.com.br,1191234-1967
Bruno Gomes,Rua 735,744,SP,Brasil,bruno@teste.com.br,1191234-1968
Bruno Gomes,Rua 736,745,SP,Brasil,bruno@teste.com.br,1191234-1969
Bruno Gomes,Rua 737,746,SP,Brasil,bruno@teste.com.br,1191234-1970
Bruno Gomes,Rua 738,747,SP,Brasil,bruno@teste.com.br,1191234-1971
Bruno Gomes,Rua 739,748,SP,Brasil,bruno@teste.com.br,1191234-1972
Bruno Gomes,Rua 740,749,SP,Brasil,bruno@teste.com.br,1191234-1973
Bruno Gomes,Rua 741,750,SP,Brasil,bruno@teste.com.br,1191234-1974
Bruno Gomes,Rua 742,751,SP,Brasil,bruno@teste.com.br,1191234-1975
Bruno Gomes,Rua 743,752,SP,Brasil,bruno@teste.com.br,1191234-1976
Bruno Gomes,Rua 744,753,SP,Brasil,bruno@teste.com.br,1191234-1977
Bruno Gomes,Rua 745,754,SP,Brasil,bruno@teste.com.br,1191234-1978
Bruno Gomes,Rua 746,755,SP,Brasil,bruno@teste.com.br,1191234-1979
Bruno Gomes,Rua 747,756,SP,Brasil,bruno@teste.com.br,1191234-1980
Bruno Gomes,Rua 748,757,SP,Brasil,bruno@teste.com.br,1191234-1981
Bruno Gomes,Rua 749,758,SP,Brasil,bruno@teste.com.br,1191234-1982
Bruno Gomes,Rua 750,759,SP,Brasil,bruno@teste.com.br,1191234-1983
Bruno Gomes,Rua 751,760,SP,Brasil,bruno@teste.com.br,1191234-1984
Bruno Gomes,Rua 752,761,SP,Brasil,bruno@teste.com.br,1191234-1985
Bruno Gomes,Rua 753,762,SP,Brasil,bruno@teste.com.br,1191234-1986
Bruno Gomes,Rua 754,763,SP,Brasil,bruno@teste.com.br,1191234-1987
Bruno Gomes,Rua 755,764,SP,Brasil,bruno@teste.com.br,1191234-1988
Bruno Gomes,Rua 756,765,SP,Brasil,bruno@teste.com.br,1191234-1989
Bruno Gomes,Rua 757,766,SP,Brasil,bruno@teste.com.br,1191234-1990
Bruno Gomes,Rua 758,767,SP,Brasil,bruno@teste.com.br,1191234-1991
Bruno Gomes,Rua 759,768,SP,Brasil,bruno@teste.com.br,1191234-1992
Bruno Gomes,Rua 760,769,SP,Brasil,bruno@teste.com.br,1191234-1993
Bruno Gomes,Rua 761,770,SP,Brasil,bruno@teste.com.br,1191234-1994
Bruno Gomes,Rua 762,771,SP,Brasil,bruno@teste.com.br,1191234-1995
Bruno Gomes,Rua 763,772,SP,Brasil,bruno@teste.com.br,1191234-1996
Bruno Gomes,Rua 764,773,SP,Brasil,bruno@teste.com.br,1191234-1997
Bruno Gomes,Rua 765,774,SP,Brasil,bruno@teste.com.br,1191234-1998
Bruno Gomes,Rua 766,775,SP,Brasil,bruno@teste.com.br,1191234-1999
Bruno Gomes,Rua 767,776,SP,Brasil,bruno@teste.com.br,1191234-2000
Bruno Gomes,Rua 768,777,SP,Brasil,bruno@teste.com.br,1191234-2001
Bruno Gomes,Rua 769,778,SP,Brasil,bruno@teste.com.br,1191234-2002
Bruno Gomes,Rua 770,779,SP,Brasil,bruno@teste.com.br,1191234-2003
Bruno Gomes,Rua 771,780,SP,Brasil,bruno@teste.com.br,1191234-2004
Bruno Gomes,Rua 772,781,SP,Brasil,bruno@teste.com.br,1191234-2005
Bruno Gomes,Rua 773,782,SP,Brasil,bruno@teste.com.br,1191234-2006
Bruno Gomes,Rua 774,783,SP,Brasil,bruno@teste.com.br,1191234-2007
Bruno Gomes,Rua 775,784,SP,Brasil,bruno@teste.com.br,1191234-2008
Bruno Gomes,Rua 776,785,SP,Brasil,bruno@teste.com.br,1191234-2009
Bruno Gomes,Rua 777,786,SP,Brasil,bruno@teste.com.br,1191234-2010
Bruno Gomes,Rua 778,787,SP,Brasil,bruno@teste.com.br,1191234-2011
Bruno Gomes,Rua 779,788,SP,Brasil,bruno@teste.com.br,1191234-2012
Bruno Gomes,Rua 780,789,SP,Brasil,bruno@teste.com.br,1191234-2013
Bruno Gomes,Rua 781,790,SP,Brasil,bruno@teste.com.br,1191234-2014
Bruno Gomes,Rua 782,791,SP,Brasil,bruno@teste.com.br,1191234-2015
Bruno Gomes,Rua 783,792,SP,Brasil,bruno@teste.com.br,1191234-2016
Bruno Gomes,Rua 784,793,SP,Brasil,bruno@teste.com.br,1191234-2017
Bruno Gomes,Rua 785,794,SP,Brasil,bruno@teste.com.br,1191234-2018
Bruno Gomes,Rua 786,795,SP,Brasil,bruno@teste.com.br,1191234-2019
Bruno Gomes,Rua 787,796,SP,Brasil,bruno@teste.com.br,1191234-2020
Bruno Gomes,Rua 788,797,SP,Brasil,bruno@teste.com.br,1191234-2021
Bruno Gomes,Rua 789,798,SP,Brasil,bruno@teste.com.br,1191234-2022
Bruno Gomes,Rua 790,799,SP,Brasil,bruno@teste.com.br,1191234-2023
Bruno Gomes,Rua 791,800,SP,Brasil,bruno@teste.com.br,1191234-2024
Bruno Gomes,Rua 792,801,SP,Brasil,bruno@teste.com.br,1191234-2025
Bruno Gomes,Rua 793,802,SP,Brasil,bruno@teste.com.br,1191234-2026
Bruno Gomes,Rua 794,803,SP,Brasil,bruno@teste.com.br,1191234-2027
Bruno Gomes,Rua 795,804,SP,Brasil,bruno@teste.com.br,1191234-2028
Bruno Gomes,Rua 796,805,SP,Brasil,bruno@teste.com.br,1191234-2029
Bruno Gomes,Rua 797,806,SP,Brasil,bruno@teste.com.br,1191234-2030
Bruno Gomes,Rua 798,807,SP,Brasil,bruno@teste.com.br,1191234-2031
Bruno Gomes,Rua 799,808,SP,Brasil,bruno@teste.com.br,1191234-2032
Bruno Gomes,Rua 800,809,SP,Brasil,bruno@teste.com.br,1191234-2033
Bruno Gomes,Rua 801,810,SP,Brasil,bruno@teste.com.br,1191234-2034
Bruno Gomes,Rua 802,811,SP,Brasil,bruno@teste.com.br,1191234-2035
Bruno Gomes,Rua 803,812,SP,Brasil,bruno@teste.com.br,1191234-2036
Bruno Gomes,Rua 804,813,SP,Brasil,bruno@teste.com.br,1191234-2037
Bruno Gomes,Rua 805,814,SP,Brasil,bruno@teste.com.br,1191234-2038
Bruno Gomes,Rua 806,815,SP,Brasil,bruno@teste.com.br,1191234-2039
Bruno Gomes,Rua 807,816,SP,Brasil,bruno@teste.com.br,1191234-2040
Bruno Gomes,Rua 808,817,SP,Brasil,bruno@teste.com.br,1191234-2041
Bruno Gomes,Rua 809,818,SP,Brasil,bruno@teste.com.br,1191234-2042
Bruno Gomes,Rua 810,819,SP,Brasil,bruno@teste.com.br,1191234-2043
Bruno Gomes,Rua 811,820,SP,Brasil,bruno@teste.com.br,1191234-2044
Bruno Gomes,Rua 812,821,SP,Brasil,bruno@teste.com.br,1191234-2045
Bruno Gomes,Rua 813,822,SP,Brasil,bruno@teste.com.br,1191234-2046
Bruno Gomes,Rua 814,823,SP,Brasil,bruno@teste.com.br,1191234-2047
Bruno Gomes,Rua 815,824,SP,Brasil,bruno@teste.com.br,1191234-2048
Bruno Gomes,Rua 816,825,SP,Brasil,bruno@teste.com.br,1191234-2049
Bruno Gomes,Rua 817,826,SP,Brasil,bruno@teste.com.br,1191234-2050
Bruno Gomes,Rua 818,827,SP,Brasil,bruno@teste.com.br,1191234-2051
Bruno Gomes,Rua 819,828,SP,Brasil,bruno@teste.com.br,1191234-2052
Bruno Gomes,Rua 820,829,SP,Brasil,bruno@teste.com.br,1191234-2053
Bruno Gomes,Rua 821,830,SP,Brasil,bruno@teste.com.br,1191234-2054
Bruno Gomes,Rua 822,831,SP,Brasil,bruno@teste.com.br,1191234-2055
Bruno Gomes,Rua 823,832,SP,Brasil,bruno@teste.com.br,1191234-2056
Bruno Gomes,Rua 824,833,SP,Brasil,bruno@teste.com.br,1191234-2057
Bruno Gomes,Rua 825,834,SP,Brasil,bruno@teste.com.br,1191234-2058
Bruno Gomes,Rua 826,835,SP,Brasil,bruno@teste.com.br,1191234-2059
Bruno Gomes,Rua 827,836,SP,Brasil,bruno@teste.com.br,1191234-2060
Bruno Gomes,Rua 828,837,SP,Brasil,bruno@teste.com.br,1191234-2061
Bruno Gomes,Rua 829,838,SP,Brasil,bruno@teste.com.br,1191234-2062
Bruno Gomes,Rua 830,839,SP,Brasil,bruno@teste.com.br,1191234-2063
Bruno Gomes,Rua 831,840,SP,Brasil,bruno@teste.com.br,1191234-2064
Bruno Gomes,Rua 832,841,SP,Brasil,bruno@teste.com.br,1191234-2065
Bruno Gomes,Rua 833,842,SP,Brasil,bruno@teste.com.br,1191234-2066
Bruno Gomes,Rua 834,843,SP,Brasil,bruno@teste.com.br,1191234-2067
Bruno Gomes,Rua 835,844,SP,Brasil,bruno@teste.com.br,1191234-2068
Bruno Gomes,Rua 836,845,SP,Brasil,bruno@teste.com.br,1191234-2069
Bruno Gomes,Rua 837,846,SP,Brasil,bruno@teste.com.br,1191234-2070
Bruno Gomes,Rua 838,847,SP,Brasil,bruno@teste.com.br,1191234-2071
Bruno Gomes,Rua 839,848,SP,Brasil,bruno@teste.com.br,1191234-2072
Bruno Gomes,Rua 840,849,SP,Brasil,bruno@teste.com.br,1191234-2073
Bruno Gomes,Rua 841,850,SP,Brasil,bruno@teste.com.br,1191234-2074
Bruno Gomes,Rua 842,851,SP,Brasil,bruno@teste.com.br,1191234-2075
Bruno Gomes,Rua 843,852,SP,Brasil,bruno@teste.com.br,1191234-2076
Bruno Gomes,Rua 844,853,SP,Brasil,bruno@teste.com.br,1191234-2077
Bruno Gomes,Rua 845,854,SP,Brasil,bruno@teste.com.br,1191234-2078
Bruno Gomes,Rua 846,855,SP,Brasil,bruno@teste.com.br,1191234-2079
Bruno Gomes,Rua 847,856,SP,Brasil,bruno@teste.com.br,1191234-2080
Bruno Gomes,Rua 848,857,SP,Brasil,bruno@teste.com.br,1191234-2081
Bruno Gomes,Rua 849,858,SP,Brasil,bruno@teste.com.br,1191234-2082
Bruno Gomes,Rua 850,859,SP,Brasil,bruno@teste.com.br,1191234-2083
Bruno Gomes,Rua 851,860,SP,Brasil,bruno@teste.com.br,1191234-2084
Bruno Gomes,Rua 852,861,SP,Brasil,bruno@teste.com.br,1191234-2085
Bruno Gomes,Rua 853,862,SP,Brasil,bruno@teste.com.br,1191234-2086
Bruno Gomes,Rua 854,863,SP,Brasil,bruno@teste.com.br,1191234-2087
Bruno Gomes,Rua 855,864,SP,Brasil,bruno@teste.com.br,1191234-2088
Bruno Gomes,Rua 856,865,SP,Brasil,bruno@teste.com.br,1191234-2089
Bruno Gomes,Rua 857,866,SP,Brasil,bruno@teste.com.br,1191234-2090
Bruno Gomes,Rua 858,867,SP,Brasil,bruno@teste.com.br,1191234-2091
Bruno Gomes,Rua 859,868,SP,Brasil,bruno@teste.com.br,1191234-2092
Bruno Gomes,Rua 860,869,SP,Brasil,bruno@teste.com.br,1191234-2093
Bruno Gomes,Rua 861,870,SP,Brasil,bruno@teste.com.br,1191234-2094
Bruno Gomes,Rua 862,871,SP,Brasil,bruno@teste.com.br,1191234-2095
Bruno Gomes,Rua 863,872,SP,Brasil,bruno@teste.com.br,1191234-2096
Bruno Gomes,Rua 864,873,SP,Brasil,bruno@teste.com.br,1191234-2097
Bruno Gomes,Rua 865,874,SP,Brasil,bruno@teste.com.br,1191234-2098
Bruno Gomes,Rua 866,875,SP,Brasil,bruno@teste.com.br,1191234-2099
Bruno Gomes,Rua 867,876,SP,Brasil,bruno@teste.com.br,1191234-2100
Bruno Gomes,Rua 868,877,SP,Brasil,bruno@teste.com.br,1191234-2101
Bruno Gomes,Rua 869,878,SP,Brasil,bruno@teste.com.br,1191234-2102
Bruno Gomes,Rua 870,879,SP,Brasil,bruno@teste.com.br,1191234-2103
Bruno Gomes,Rua 871,880,SP,Brasil,bruno@teste.com.br,1191234-2104
Bruno Gomes,Rua 872,881,SP,Brasil,bruno@teste.com.br,1191234-2105
Bruno Gomes,Rua 873,882,SP,Brasil,bruno@teste.com.br,1191234-2106
Bruno Gomes,Rua 874,883,SP,Brasil,bruno@teste.com.br,1191234-2107
Bruno Gomes,Rua 875,884,SP,Brasil,bruno@teste.com.br,1191234-2108
Bruno Gomes,Rua 876,885,SP,Brasil,bruno@teste.com.br,1191234-2109
Bruno Gomes,Rua 877,886,SP,Brasil,bruno@teste.com.br,1191234-2110
Bruno Gomes,Rua 878,887,SP,Brasil,bruno@teste.com.br,1191234-2111
Bruno Gomes,Rua 879,888,SP,Brasil,bruno@teste.com.br,1191234-2112
Bruno Gomes,Rua 880,889,SP,Brasil,bruno@teste.com.br,1191234-2113
Bruno Gomes,Rua 881,890,SP,Brasil,bruno@teste.com.br,1191234-2114
Bruno Gomes,Rua 882,891,SP,Brasil,bruno@teste.com.br,1191234-2115
Bruno Gomes,Rua 883,892,SP,Brasil,bruno@teste.com.br,1191234-2116
Bruno Gomes,Rua 884,893,SP,Brasil,bruno@teste.com.br,1191234-2117
Bruno Gomes,Rua 885,894,SP,Brasil,bruno@teste.com.br,1191234-2118
Bruno Gomes,Rua 886,895,SP,Brasil,bruno@teste.com.br,1191234-2119
Bruno Gomes,Rua 887,896,SP,Brasil,bruno@teste.com.br,1191234-2120
Bruno Gomes,Rua 888,897,SP,Brasil,bruno@teste.com.br,1191234-2121
Bruno Gomes,Rua 889,898,SP,Brasil,bruno@teste.com.br,1191234-2122
Bruno Gomes,Rua 890,899,SP,Brasil,bruno@teste.com.br,1191234-2123
Bruno Gomes,Rua 891,900,SP,Brasil,bruno@teste.com.br,1191234-2124
Bruno Gomes,Rua 892,901,SP,Brasil,bruno@teste.com.br,1191234-2125
Bruno Gomes,Rua 893,902,SP,Brasil,bruno@teste.com.br,1191234-2126
Bruno Gomes,Rua 894,903,SP,Brasil,bruno@teste.com.br,1191234-2127
Bruno Gomes,Rua 895,904,SP,Brasil,bruno@teste.com.br,1191234-2128
Bruno Gomes,Rua 896,905,SP,Brasil,bruno@teste.com.br,1191234-2129
Bruno Gomes,Rua 897,906,SP,Brasil,bruno@teste.com.br,1191234-2130
Bruno Gomes,Rua 898,907,SP,Brasil,bruno@teste.com.br,1191234-2131
Bruno Gomes,Rua 899,908,SP,Brasil,bruno@teste.com.br,1191234-2132
Bruno Gomes,Rua 900,909,SP,Brasil,bruno@teste.com.br,1191234-2133
Bruno Gomes,Rua 901,910,SP,Brasil,bruno@teste.com.br,1191234-2134
Bruno Gomes,Rua 902,911,SP,Brasil,bruno@teste.com.br,1191234-2135
Bruno Gomes,Rua 903,912,SP,Brasil,bruno@teste.com.br,1191234-2136
Bruno Gomes,Rua 904,913,SP,Brasil,bruno@teste.com.br,1191234-2137
Bruno Gomes,Rua 905,914,SP,Brasil,bruno@teste.com.br,1191234-2138
Bruno Gomes,Rua 906,915,SP,Brasil,bruno@teste.com.br,1191234-2139
Bruno Gomes,Rua 907,916,SP,Brasil,bruno@teste.com.br,1191234-2140
Bruno Gomes,Rua 908,917,SP,Brasil,bruno@teste.com.br,1191234-2141
Bruno Gomes,Rua 909,918,SP,Brasil,bruno@teste.com.br,1191234-2142
Bruno Gomes,Rua 910,919,SP,Brasil,bruno@teste.com.br,1191234-2143
Bruno Gomes,Rua 911,920,SP,Brasil,bruno@teste.com.br,1191234-2144
Bruno Gomes,Rua 912,921,SP,Brasil,bruno@teste.com.br,1191234-2145
Bruno Gomes,Rua 913,922,SP,Brasil,bruno@teste.com.br,1191234-2146
Bruno Gomes,Rua 914,923,SP,Brasil,bruno@teste.com.br,1191234-2147
Bruno Gomes,Rua 915,924,SP,Brasil,bruno@teste.com.br,1191234-2148
Bruno Gomes,Rua 916,925,SP,Brasil,bruno@teste.com.br,1191234-2149
Bruno Gomes,Rua 917,926,SP,Brasil,bruno@teste.com.br,1191234-2150
Bruno Gomes,Rua 918,927,SP,Brasil,bruno@teste.com.br,1191234-2151
Bruno Gomes,Rua 919,928,SP,Brasil,bruno@teste.com.br,1191234-2152
Bruno Gomes,Rua 920,929,SP,Brasil,bruno@teste.com.br,1191234-2153
Bruno Gomes,Rua 921,930,SP,Brasil,bruno@teste.com.br,1191234-2154
Bruno Gomes,Rua 922,931,SP,Brasil,bruno@teste.com.br,1191234-2155
Bruno Gomes,Rua 923,932,SP,Brasil,bruno@teste.com.br,1191234-2156
Bruno Gomes,Rua 924,933,SP,Brasil,bruno@teste.com.br,1191234-2157
Bruno Gomes,Rua 925,934,SP,Brasil,bruno@teste.com.br,1191234-2158
Bruno Gomes,Rua 926,935,SP,Brasil,bruno@teste.com.br,1191234-2159
Bruno Gomes,Rua 927,936,SP,Brasil,bruno@teste.com.br,1191234-2160
Bruno Gomes,Rua 928,937,SP,Brasil,bruno@teste.com.br,1191234-2161
Bruno Gomes,Rua 929,938,SP,Brasil,bruno@teste.com.br,1191234-2162
Bruno Gomes,Rua 930,939,SP,Brasil,bruno@teste.com.br,1191234-2163
Bruno Gomes,Rua 931,940,SP,Brasil,bruno@teste.com.br,1191234-2164
Bruno Gomes,Rua 932,941,SP,Brasil,bruno@teste.com.br,1191234-2165
Bruno Gomes,Rua 933,942,SP,Brasil,bruno@teste.com.br,1191234-2166
Bruno Gomes,Rua 934,943,SP,Brasil,bruno@teste.com.br,1191234-2167
Bruno Gomes,Rua 935,944,SP,Brasil,bruno@teste.com.br,1191234-2168
Bruno Gomes,Rua 936,945,SP,Brasil,bruno@teste.com.br,1191234-2169
Bruno Gomes,Rua 937,946,SP,Brasil,bruno@teste.com.br,1191234-2170
Bruno Gomes,Rua 938,947,SP,Brasil,bruno@teste.com.br,1191234-2171
Bruno Gomes,Rua 939,948,SP,Brasil,bruno@teste.com.br,1191234-2172
Bruno Gomes,Rua 940,949,SP,Brasil,bruno@teste.com.br,1191234-2173
Bruno Gomes,Rua 941,950,SP,Brasil,bruno@teste.com.br,1191234-2174
Bruno Gomes,Rua 942,951,SP,Brasil,bruno@teste.com.br,1191234-2175
Bruno Gomes,Rua 943,952,SP,Brasil,bruno@teste.com.br,1191234-2176
Bruno Gomes,Rua 944,953,SP,Brasil,bruno@teste.com.br,1191234-2177
Bruno Gomes,Rua 945,954,SP,Brasil,bruno@teste.com.br,1191234-2178
Bruno Gomes,Rua 946,955,SP,Brasil,bruno@teste.com.br,1191234-2179
Bruno Gomes,Rua 947,956,SP,Brasil,bruno@teste.com.br,1191234-2180
Bruno Gomes,Rua 948,957,SP,Brasil,bruno@teste.com.br,1191234-2181
Bruno Gomes,Rua 949,958,SP,Brasil,bruno@teste.com.br,1191234-2182
Bruno Gomes,Rua 950,959,SP,Brasil,bruno@teste.com.br,1191234-2183
Bruno Gomes,Rua 951,960,SP,Brasil,bruno@teste.com.br,1191234-2184
Bruno Gomes,Rua 952,961,SP,Brasil,bruno@teste.com.br,1191234-2185
Bruno Gomes,Rua 953,962,SP,Brasil,bruno@teste.com.br,1191234-2186
Bruno Gomes,Rua 954,963,SP,Brasil,bruno@teste.com.br,1191234-2187
Bruno Gomes,Rua 955,964,SP,Brasil,bruno@teste.com.br,1191234-2188
Bruno Gomes,Rua 956,965,SP,Brasil,bruno@teste.com.br,1191234-2189
Bruno Gomes,Rua 957,966,SP,Brasil,bruno@teste.com.br,1191234-2190
Bruno Gomes,Rua 958,967,SP,Brasil,bruno@teste.com.br,1191234-2191
Bruno Gomes,Rua 959,968,SP,Brasil,bruno@teste.com.br,1191234-2192
Bruno Gomes,Rua 960,969,SP,Brasil,bruno@teste.com.br,1191234-2193
Bruno Gomes,Rua 961,970,SP,Brasil,bruno@teste.com.br,1191234-2194
Bruno Gomes,Rua 962,971,SP,Brasil,bruno@teste.com.br,1191234-2195
Bruno Gomes,Rua 963,972,SP,Brasil,bruno@teste.com.br,1191234-2196
Bruno Gomes,Rua 964,973,SP,Brasil,bruno@teste.com.br,1191234-2197
Bruno Gomes,Rua 965,974,SP,Brasil,bruno@teste.com.br,1191234-2198
Bruno Gomes,Rua 966,975,SP,Brasil,bruno@teste.com.br,1191234-2199
Bruno Gomes,Rua 967,976,SP,Brasil,bruno@teste.com.br,1191234-2200
Bruno Gomes,Rua 968,977,SP,Brasil,bruno@teste.com.br,1191234-2201
Bruno Gomes,Rua 969,978,SP,Brasil,bruno@teste.com.br,1191234-2202
Bruno Gomes,Rua 970,979,SP,Brasil,bruno@teste.com.br,1191234-2203
Bruno Gomes,Rua 971,980,SP,Brasil,bruno@teste.com.br,1191234-2204
Bruno Gomes,Rua 972,981,SP,Brasil,bruno@teste.com.br,1191234-2205
Bruno Gomes,Rua 973,982,SP,Brasil,bruno@teste.com.br,1191234-2206
Bruno Gomes,Rua 974,983,SP,Brasil,bruno@teste.com.br,1191234-2207
Bruno Gomes,Rua 975,984,SP,Brasil,bruno@teste.com.br,1191234-2208
Bruno Gomes,Rua 976,985,SP,Brasil,bruno@teste.com.br,1191234-2209
Bruno Gomes,Rua 977,986,SP,Brasil,bruno@teste.com.br,1191234-2210
Bruno Gomes,Rua 978,987,SP,Brasil,bruno@teste.com.br,1191234-2211
Bruno Gomes,Rua 979,988,SP,Brasil,bruno@teste.com.br,1191234-2212
Bruno Gomes,Rua 980,989,SP,Brasil,bruno@teste.com.br,1191234-2213
Bruno Gomes,Rua 981,990,SP,Brasil,bruno@teste.com.br,1191234-2214
Bruno Gomes,Rua 982,991,SP,Brasil,bruno@teste.com.br,1191234-2215
Bruno Gomes,Rua 983,992,SP,Brasil,bruno@teste.com.br,1191234-2216
Bruno Gomes,Rua 984,993,SP,Brasil,bruno@teste.com.br,1191234-2217
Bruno Gomes,Rua 985,994,SP,Brasil,bruno@teste.com.br,1191234-2218
Bruno Gomes,Rua 986,995,SP,Brasil,bruno@teste.com.br,1191234-2219
Bruno Gomes,Rua 987,996,SP,Brasil,bruno@teste.com.br,1191234-2220
Bruno Gomes,Rua 988,997,SP,Brasil,bruno@teste.com.br,1191234-2221
Bruno Gomes,Rua 989,998,SP,Brasil,bruno@teste.com.br,1191234-2222
Bruno Gomes,Rua 990,999,SP,Brasil,bruno@teste.com.br,1191234-2223
Bruno Gomes,Rua 991,1000,SP,Brasil,bruno@teste.com.br,1191234-2224
Bruno Gomes,Rua 992,1001,SP,Brasil,bruno@teste.com.br,1191234-2225
Bruno Gomes,Rua 993,1002,SP,Brasil,bruno@teste.com.br,1191234-2226
Bruno Gomes,Rua 994,1003,SP,Brasil,bruno@teste.com.br,1191234-2227
Bruno Gomes,Rua 995,1004,SP,Brasil,bruno@teste.com.br,1191234-2228
Bruno Gomes,Rua 996,1005,SP,Brasil,bruno@teste.com.br,1191234-2229
Bruno Gomes,Rua 997,1006,SP,Brasil,bruno@teste.com.br,1191234-2230
Bruno Gomes,Rua 998,1007,SP,Brasil,bruno@teste.com.br,1191234-2231
Bruno Gomes,Rua 999,1008,SP,Brasil,bruno@teste.com.br,1191234-2232
Bruno Gomes,Rua 1000,1009,SP,Brasil,bruno@teste.com.br,1191234-2233
